Title,Author,Year,Language,Extension,Size,Download Date,File Path
Being Adivasi,Abhay Xaxa;Ganesh N. Devy,2021,English,epub,592 Kb,2024-09-30 13:16:13,./downloads/Abhay Xaxa;Ganesh N Devy - Being Adivasi.epub
Being Adivasi,Abhay Xaxa;Ganesh N. Devy,2021,English,epub,592 Kb,2024-09-30 13:17:44,./downloads/Abhay Xaxa;Ganesh N Devy - Being Adivasi.epub
Being Adivasi,Abhay Xaxa;Ganesh N. Devy,2021,English,epub,592 Kb,2024-09-30 13:21:47,./downloads/Abhay Xaxa;Ganesh N Devy - Being Adivasi.epub
Free and Equal,Daniel Chandler,2023,English,epub,771 Kb,2024-09-30 13:22:44,./downloads/Daniel Chandler - Free and Equal.epub
Free and Equal. What Would a Fair Society Look Like,Daniel Chandler,2023,English,epub,771 Kb,2024-09-30 13:22:47,./downloads/Daniel Chandler - Free and Equal What Would a Fair Society Look Like.epub
Free and Equal : A Manifesto for a Just Society,Daniel Chandler;,2024,English,epub,820 Kb,2024-09-30 13:22:50,./downloads/Daniel Chandler; - Free and Equal A Manifesto for a Just Society.epub
A Dictionary of Media and Communication,"Chandler, Daniel;Munday, Rod;;Rod Munday",2019,English,epub,2 Mb,2024-09-30 13:23:28,"./downloads/Chandler, Daniel;Munday, Rod;;Rod Munday - A Dictionary of Media and Communication.epub"
Semiotics: The Basics,Daniel Chandler,,English,epub,1 Mb,2024-09-30 13:23:29,./downloads/Daniel Chandler - Semiotics The Basics.epub
On Language and Poetry: Three Essays,"Saussure, Ferdinand de;Yakubinsky, L. P",2018,English,epub,167 Kb,2024-09-30 13:23:42,"./downloads/Saussure, Ferdinand de;Yakubinsky, L P - On Language and Poetry Three Essays.epub"
Saussure,"Saussure, Ferdinand de;Joseph, John E",2012,English,epub,17 Mb,2024-09-30 13:32:47,"./downloads/Saussure, Ferdinand de;Joseph, John E - Saussure.epub"
Course in General Linguistics,"Baskin, Wade;Meisel, Perry;Saussure, Ferdinand de;Saussy, Haun",2011,English,epub,16 Mb,2024-09-30 13:40:20,"./downloads/Baskin, Wade;Meisel, Perry;Saussure, Ferdinand de;Saussy, Haun - Course in General Linguistics.epub"
Peirce,"Atkin, Albert;Peirce, Charles Sanders",2016,English,epub,2 Mb,2024-09-30 13:41:27,"./downloads/Atkin, Albert;Peirce, Charles Sanders - Peirce.epub"
Peirce: a guide for the perplexed,"Peirce, Charles S.;Peirce, Charles Sanders;De Waal, Cornelis",2013,English,epub,827 Kb,2024-09-30 13:41:33,"./downloads/Peirce, Charles S;Peirce, Charles Sanders;De Waal, Cornelis - Peirce a guide for the perplexed.epub"
Peirce on perception and reasoning from icons to logic,"Hull, Kathleen A.;Peirce, Charles Sanders",2017,English,epub,3 Mb,2024-09-30 13:41:38,"./downloads/Hull, Kathleen A;Peirce, Charles Sanders - Peirce on perception and reasoning from icons to logic.epub"
"The Politics of survival: Peirce, affectivity, and social criticism","Peirce, Charles Sanders;Trout, Lara",2013,English,epub,627 Kb,2024-09-30 13:41:48,"./downloads/Peirce, Charles Sanders;Trout, Lara - The Politics of survival Peirce, affectivity, and social criticism.epub"
Peirce-Arg Philosophers,"Peirce, Charles Sanders;Hookway, Christopher;Peirce, Charles Sanders",1999,English,epub,504 Kb,2024-09-30 13:41:58,"./downloads/Peirce, Charles Sanders;Hookway, Christopher;Peirce, Charles Sanders - Peirce-Arg Philosophers.epub"
"Chance, Love, and Logic: Philosophical Essays",Charles Sanders Peirce,1998,English,epub,642 Kb,2024-09-30 13:42:19,"./downloads/Charles Sanders Peirce - Chance, Love, and Logic Philosophical Essays.epub"
Illustrations of the Logic of Science,"de Waal, Cornelis;Peirce, Charles, Sanders",,English,epub,2 Mb,2024-09-30 13:43:24,"./downloads/de Waal, Cornelis;Peirce, Charles, Sanders - Illustrations of the Logic of Science.epub"
Collected Papers (Volumes 1-8),Charles Sanders Peirce,1994,English,epub,4 Mb,2024-09-30 13:45:06,./downloads/Charles Sanders Peirce - Collected Papers (Volumes 1-8).epub
"Aesthetic Transcendentalism in Emerson, Peirce, and Nineteenth-Century American Landscape Painting","Emerson, Ralph Waldo;Guardiano, Nicholas;Peirce, Charles S.;Peirce, Charles Sanders",2017,English,epub,10 Mb,2024-09-30 13:50:44,"./downloads/Emerson, Ralph Waldo;Guardiano, Nicholas;Peirce, Charles S;Peirce, Charles Sanders - Aesthetic Transcendentalism in Emerson, Peirce, and Nineteenth-Century American Landscape Painting.epub"
Mourning Diary,Roland Barthes,2010,English,epub,243 Kb,2024-09-30 13:50:58,./downloads/Roland Barthes - Mourning Diary.epub
Image-Music-Text,"Roland Barthes,Stephen Heath",1993,English,epub,1 Mb,2024-09-30 13:51:17,"./downloads/Roland Barthes,Stephen Heath - Image-Music-Text.epub"
The Limits of Interpretation (Advances in Semiotics),Umberto Eco,1991,English,epub,1 Mb,2024-09-30 13:51:51,./downloads/Umberto Eco - The Limits of Interpretation (Advances in Semiotics).epub
The Name of the Rose,Umberto Eco,1986,English,epub,887 Kb,2024-09-30 13:52:33,./downloads/Umberto Eco - The Name of the Rose.epub
Foucault's Pendulum,Umberto Eco,2007,English,epub,3 Mb,2024-09-30 13:52:35,./downloads/Umberto Eco - Foucault's Pendulum.epub
The Prague Cemetery,Umberto Eco,2011,English,epub,17 Mb,2024-09-30 13:59:42,./downloads/Umberto Eco - The Prague Cemetery.epub
Culture and Communication: Signs in Flux. An Anthology of Major and Lesser-Known Works,"Yuri Lotman,Andreas Schönle (editor)",2020,English,epub,857 Kb,2024-09-30 14:00:13,"./downloads/Yuri Lotman,Andreas Schönle (editor) - Culture and Communication Signs in Flux An Anthology of Major and Lesser-Known Works.epub"
Prolegomena to a Theory of Language,Louis Hjelmslev,1969,English,epub,204 Kb,2024-09-30 14:00:27,./downloads/Louis Hjelmslev - Prolegomena to a Theory of Language.epub
"Mallarmé and the politics of literature: Sartre, Kristeva, Badiou, Ranciere","Badiou, Alain;Boncardo, Robert;Kristeva, Julia;Mallarmé, Stéphane;Meillassoux, Quentin;Rancière, Jacques;Sartre, Jean-Paul",2019,English,epub,432 Kb,2024-09-30 14:00:51,"./downloads/Badiou, Alain;Boncardo, Robert;Kristeva, Julia;Mallarmé, Stéphane;Meillassoux, Quentin;Rancière, Jacques;Sartre, Jean-Paul - Mallarmé and the politics of literature Sartre, Kristeva, Badiou, Ranciere.epub"
Head cases : Julia Kristeva on philosophy and art in depressed times,"Kristeva, Julia;Kristeva, Julia;Miller, Elaine P",2014,English,epub,16 Mb,2024-09-30 14:06:59,"./downloads/Kristeva, Julia;Kristeva, Julia;Miller, Elaine P - Head cases Julia Kristeva on philosophy and art in depressed times.epub"
Kristeva's Fiction,"Kristeva, Julia;Kristeva, Julia;Trigo, Benigno",2013,English,epub,280 Kb,2024-09-30 14:07:04,"./downloads/Kristeva, Julia;Kristeva, Julia;Trigo, Benigno - Kristeva's Fiction.epub"
Marriage as a Fine Art,"Fox, Lorna Scott;Kristeva, Julia;Sollers, Philippe",2016,English,epub,2 Mb,2024-09-30 14:07:35,"./downloads/Fox, Lorna Scott;Kristeva, Julia;Sollers, Philippe - Marriage as a Fine Art.epub"
The Sense and Non-Sense of Revolt : the Powers and Limits of Psychoanalysis,"Kristeva, Julia;Herman, Jeanine","2012,2000",English,epub,2 Mb,2024-09-30 14:07:57,"./downloads/Kristeva, Julia;Herman, Jeanine - The Sense and Non-Sense of Revolt the Powers and Limits of Psychoanalysis.epub"
The Severed Head: Capital Visions,"Julia Kristeva,Jody Gladding",2011,English,epub,11 Mb,2024-09-30 14:15:22,"./downloads/Julia Kristeva,Jody Gladding - The Severed Head Capital Visions.epub"
Hatred and Forgiveness,"Herman, Jeanine;Kristeva, Julia",2012;2011,English,epub,20 Mb,2024-09-30 14:19:25,"./downloads/Herman, Jeanine;Kristeva, Julia - Hatred and Forgiveness.epub"
Passions of Our Time,"Borde, Constance;Kristeva, Julia;Malovany-Chevallier, Sheila",2019,English,epub,40 Mb,2024-09-30 14:21:51,"./downloads/Borde, Constance;Kristeva, Julia;Malovany-Chevallier, Sheila - Passions of Our Time.epub"
This Incredible Need to Believe,"Brahic, Beverley Bie;Kristeva, Julia",2011;2010,English,epub,15 Mb,2024-09-30 14:22:18,"./downloads/Brahic, Beverley Bie;Kristeva, Julia - This Incredible Need to Believe.epub"
Melanie Klein,"Kristeva,Julia",2001,English,epub,2 Mb,2024-09-30 14:23:31,"./downloads/Kristeva,Julia - Melanie Klein.epub"
The Portable Kristeva,"Kristeva, Julia;Oliver, Kelly",2011;2002,English,epub,16 Mb,2024-09-30 14:30:15,"./downloads/Kristeva, Julia;Oliver, Kelly - The Portable Kristeva.epub"
The interior landscape: classical Tamil love poems,"Ramanujan,A. K",2014,English,epub,419 Kb,2024-09-30 14:30:53,"./downloads/Ramanujan,A K - The interior landscape classical Tamil love poems.epub"
Speaking of Śiva,"Ramanujan,A. K",2013;1973,English,epub,2 Mb,2024-09-30 14:32:05,"./downloads/Ramanujan,A K - Speaking of Śiva.epub"
Journeys: A POET'S DIARY,A K Ramanujan,2019,English,epub,2 Mb,2024-09-30 14:32:12,./downloads/A K Ramanujan - Journeys A POET'S DIARY.epub
Hymns for the Drowning: Poems for Visnu,"Nammalvar,A. K. Ramanujan",2014,English,epub,3 Mb,2024-09-30 14:33:13,"./downloads/Nammalvar,A K Ramanujan - Hymns for the Drowning Poems for Visnu.epub"
Being Adivasi,Abhay Xaxa;Ganesh N. Devy,2021,English,epub,592 Kb,2024-09-30 14:33:39,./downloads/Abhay Xaxa;Ganesh N Devy - Being Adivasi.epub
Vision for a Nation: Paths and Perspectives,"Aakash Singh Rathore,Ashis Nandy",2019,English,epub,406 Kb,2024-09-30 14:34:07,"./downloads/Aakash Singh Rathore,Ashis Nandy - Vision for a Nation Paths and Perspectives.epub"
Of Grammatology: Fortieth Anniversary Edition,"Jacques Derrida (Author),Gayatri Chakravorty Spivak (Translator),Judith Butler (Foreword)",2016,English,epub,753 Kb,2024-09-30 14:34:42,"./downloads/Jacques Derrida (Author),Gayatri Chakravorty Spivak (Translator),Judith Butler (Foreword) - Of Grammatology Fortieth Anniversary Edition.epub"
In Other Worlds: Essays In Cultural Politics,Gayatri Chakravorty Spivak,2012,English,epub,2 Mb,2024-09-30 14:35:26,./downloads/Gayatri Chakravorty Spivak - In Other Worlds Essays In Cultural Politics.epub
Death of a Discipline,"Spivak,Gayatri Chakravorty",2003,English,epub,2 Mb,2024-09-30 14:36:31,"./downloads/Spivak,Gayatri Chakravorty - Death of a Discipline.epub"
Living Translation,Gayatri Chakravorty Spivak,2022,English,epub,4 Mb,2024-09-30 14:37:28,./downloads/Gayatri Chakravorty Spivak - Living Translation.epub
Can the subaltern speak? reflections on the history of an idea,"Morris, Rosalind C;Spivak, Gayatri Chakravorty",2010,English,epub,17 Mb,2024-09-30 14:49:35,"./downloads/Morris, Rosalind C;Spivak, Gayatri Chakravorty - Can the subaltern speak reflections on the history of an idea.epub"
The Location of Culture,Homi K. Bhabha,2004,English,epub,1 Mb,2024-09-30 14:50:29,./downloads/Homi K Bhabha - The Location of Culture.epub
Nation and Narration,Homi K. Bhabha,,English,epub,4 Mb,2024-09-30 14:55:28,./downloads/Homi K Bhabha - Nation and Narration.epub
The Indian Jungle: Psychoanalysis and Non-Western Civilizations,Sudhir Kakar,2024,English,epub,390 Kb,2024-09-30 14:55:47,./downloads/Sudhir Kakar - The Indian Jungle Psychoanalysis and Non-Western Civilizations.epub
Imaginations of Death and the Beyond in India and Europe,Günter Blamberger;Sudhir Kakar,2018,English,epub,3 Mb,2024-09-30 14:57:47,./downloads/Günter Blamberger;Sudhir Kakar - Imaginations of Death and the Beyond in India and Europe.epub
Ecstasy,"Kakar,Sudhir",2012;2014,English,epub,504 Kb,2024-09-30 14:57:59,"./downloads/Kakar,Sudhir - Ecstasy.epub"
Young Tagore: The Makings Of A Genius,Sudhir Kakar,2014,English,epub,2 Mb,2024-09-30 14:58:52,./downloads/Sudhir Kakar - Young Tagore The Makings Of A Genius.epub
A Book of memory: confessions and reflections,"Kakar,Sudhir",2014,English,epub,5 Mb,2024-09-30 14:59:14,"./downloads/Kakar,Sudhir - A Book of memory confessions and reflections.epub"
Analyst And The Mystic: Psychoaonalyitc Reflections On Religion And Mysticism,"Kakar,Sudhir",2013;2007,English,epub,918 Kb,2024-09-30 14:59:38,"./downloads/Kakar,Sudhir - Analyst And The Mystic Psychoaonalyitc Reflections On Religion And Mysticism.epub"
"Shamans, Mystics, and Doctors",Sudhir Kakar,2013,English,epub,1 Mb,2024-09-30 14:59:46,"./downloads/Sudhir Kakar - Shamans, Mystics, and Doctors.epub"
Intimate relations: exploring Indian sexuality,"Kakar.,Sudhir",2013;1991,English,epub,339 Kb,2024-09-30 14:59:56,"./downloads/Kakar,Sudhir - Intimate relations exploring Indian sexuality.epub"
On Dreams and Dreaming,Sudhir Kakar,2011,English,epub,300 Kb,2024-09-30 15:00:12,./downloads/Sudhir Kakar - On Dreams and Dreaming.epub
Indian Identity,"Kakar,Sudhir",2013;2007,English,epub,1 Mb,2024-09-30 15:00:17,"./downloads/Kakar,Sudhir - Indian Identity.epub"
On Creativity,"Blamberger, Günter;Kakar, Sudhir",2014;2015,English,epub,16 Mb,2024-09-30 15:03:43,"./downloads/Blamberger, Günter;Kakar, Sudhir - On Creativity.epub"
Culture and Psyche: Selected Essays,"Kakar,Sudhir",2008,English,epub,248 Kb,2024-09-30 15:03:46,"./downloads/Kakar,Sudhir - Culture and Psyche Selected Essays.epub"
Kamasutra,"Doniger, Wendy;Kakar, Sudhir;Vātsyāyana",2002;2003;2009,English,epub,17 Mb,2024-09-30 15:09:29,"./downloads/Doniger, Wendy;Kakar, Sudhir;Vātsyāyana - Kamasutra.epub"
Kamasutra (Oxford World’s Classics),"Mallanaga Vatsyayana,Wendy Doniger,Sudhir Kakar",2009,English,epub,17 Mb,2024-09-30 15:18:40,"./downloads/Mallanaga Vatsyayana,Wendy Doniger,Sudhir Kakar - Kamasutra (Oxford World’s Classics).epub"
The Great Regression,"Geiselberger, Heinrich;iek, Slavoj;Appadurai, Arjun",2017,English,epub,277 Kb,2024-09-30 15:19:03,"./downloads/Geiselberger, Heinrich;iek, Slavoj;Appadurai, Arjun - The Great Regression.epub"
Modernity At Large: Cultural Dimensions of Globalization (Public Worlds),Arjun Appadurai,2011,English,epub,336 Kb,2024-09-30 15:19:15,./downloads/Arjun Appadurai - Modernity At Large Cultural Dimensions of Globalization (Public Worlds).epub
The Social Life of Things: Commodities in Cultural Perspective,Arjun Appadurai,1986,English,epub,445 Kb,2024-09-30 15:19:29,./downloads/Arjun Appadurai - The Social Life of Things Commodities in Cultural Perspective.epub
"Gender, genre, and power in South Asian expressive traditions","Arjun Appadurai,Frank J. Korom,Margaret Ann Mills",1991,English,epub,1 Mb,2024-09-30 15:19:32,"./downloads/Arjun Appadurai,Frank J Korom,Margaret Ann Mills - Gender, genre, and power in South Asian expressive traditions.epub"
Globalization (a Public Culture book),Arjun Appadurai,2001,English,epub,2 Mb,2024-09-30 15:19:59,./downloads/Arjun Appadurai - Globalization (a Public Culture book).epub
Sex and Repression in Savage Society,Bronisław Malinowski,2003,English,epub,936 Kb,2024-09-30 15:20:31,./downloads/Bronisław Malinowski - Sex and Repression in Savage Society.epub
Race and History,Levi-Strauss Claude,,English,epub,248 Kb,2024-09-30 15:20:40,./downloads/Levi-Strauss Claude - Race and History.epub
Anthropologie structurale,Levi-Strauss Claude,,English,epub,1 Mb,2024-09-30 15:20:57,./downloads/Levi-Strauss Claude - Anthropologie structurale.epub
Nostalgia for the absolute,"Lévi-Strauss, Claude;Steiner, George;Freud, Sigmund;Marx, Karl",1997,English,epub,2 Mb,2024-09-30 15:21:45,"./downloads/Lévi-Strauss, Claude;Steiner, George;Freud, Sigmund;Marx, Karl - Nostalgia for the absolute.epub"
The Political System of the Anuak of the Anglo-Egyptian Sudan,E. E. Evans-Pritchard,1940,English,epub,9 Mb,2024-09-30 15:27:54,./downloads/E E Evans-Pritchard - The Political System of the Anuak of the Anglo-Egyptian Sudan.epub
"Saints, Heroes, Myths, and Rites: Classical Durkheimian Studies of Religion and Society",Marcel Mauss;Henri Hubert;Robert Hertz,2016,English,epub,493 Kb,2024-09-30 15:28:30,"./downloads/Marcel Mauss;Henri Hubert;Robert Hertz - Saints, Heroes, Myths, and Rites Classical Durkheimian Studies of Religion and Society.epub"
Seasonal Variations of the Eskimo A Study in Social Morphology,"Mauss, Marcel;Fox, James J",2013,English,epub,2 Mb,2024-09-30 15:29:02,"./downloads/Mauss, Marcel;Fox, James J - Seasonal Variations of the Eskimo A Study in Social Morphology.epub"
A General Theory of Magic,"Mauss,Marcel",2005;2010,English,epub,657 Kb,2024-09-30 15:29:03,"./downloads/Mauss,Marcel - A General Theory of Magic.epub"
Essay on the Gift: The Form and Sense of Exchange in Archaic Societies,Marcel Mauss;Giovanni da Col;Jane I. Guyer,2015,English,epub,993 Kb,2024-09-30 15:29:59,./downloads/Marcel Mauss;Giovanni da Col;Jane I Guyer - Essay on the Gift The Form and Sense of Exchange in Archaic Societies.epub
Coming of age in Samoa: a psychological study of primitive youth for Western civilization,"Mead,Margaret",2016;1961,English,epub,958 Kb,2024-09-30 15:30:42,"./downloads/Mead,Margaret - Coming of age in Samoa a psychological study of primitive youth for Western civilization.epub"
Coming of age: the sexual awakening of Margaret Mead,"Blum, Deborah;Mead, Margaret;Deborah Beatriz Blum",2017,English,epub,2 Mb,2024-09-30 15:31:50,"./downloads/Blum, Deborah;Mead, Margaret;Deborah Beatriz Blum - Coming of age the sexual awakening of Margaret Mead.epub"
Continuities in Cultural Evolution,"Margaret Mead,with introduction of Stephen Toulmin",1999,English,epub,2 Mb,2024-09-30 15:32:16,"./downloads/Margaret Mead,with introduction of Stephen Toulmin - Continuities in Cultural Evolution.epub"
Quest for the real Samoa: the Mead/Freeman controversy & beyond,"Freeman, Derek;Mead, Margaret;Holmes, Lowell Don",1987,English,epub,1 Mb,2024-09-30 15:33:45,"./downloads/Freeman, Derek;Mead, Margaret;Holmes, Lowell Don - Quest for the real Samoa the MeadFreeman controversy & beyond.epub"
Culture and Commitment: A Study of the Generation Gap,Margaret Mead,1970,English,epub,389 Kb,2024-09-30 15:33:57,./downloads/Margaret Mead - Culture and Commitment A Study of the Generation Gap.epub
Coming of age in Samoa; a psychological study of primitive youth for western civilisation,"Mead,Margaret,1901-1978",1928,English,epub,635 Kb,2024-09-30 15:34:25,"./downloads/Mead,Margaret,1901-1978 - Coming of age in Samoa; a psychological study of primitive youth for western civilisation.epub"
"New Lives for Old: Cultural Transformation—Manus, 1928-1953",Margaret Mead,2016,English,epub,8 Mb,2024-09-30 15:34:56,"./downloads/Margaret Mead - New Lives for Old Cultural Transformation—Manus, 1928-1953.epub"
"Letters from the Field, 1925-1975",Margaret Mead,2016,English,epub,15 Mb,2024-09-30 15:40:39,"./downloads/Margaret Mead - Letters from the Field, 1925-1975.epub"
CHRYSANTHEMUM AND THE SWORD: patterns of japanese culture,"Benedict,Ruth",2019,English,epub,468 Kb,2024-09-30 15:41:16,"./downloads/Benedict,Ruth - CHRYSANTHEMUM AND THE SWORD patterns of japanese culture.epub"
The Chrysanthemum and the Sword,Ruth Benedict,2006,English,epub,226 Kb,2024-09-30 15:41:21,./downloads/Ruth Benedict - The Chrysanthemum and the Sword.epub
An Anthropologist at Work,Ruth Benedict,2011,English,epub,1 Mb,2024-09-30 15:41:22,./downloads/Ruth Benedict - An Anthropologist at Work.epub
Patterns of Culture,"Benedict,Ruth",2005,English,epub,317 Kb,2024-09-30 15:41:30,"./downloads/Benedict,Ruth - Patterns of Culture.epub"
A Gendered Profession,James Benedict Brown;Harriet Harriss;Ruth Morrow;James Soane,2019,English,epub,4 Mb,2024-09-30 15:44:21,./downloads/James Benedict Brown;Harriet Harriss;Ruth Morrow;James Soane - A Gendered Profession.epub
Life among the Anthros and Other Essays,"Geertz, Clifford;Inglis, Fred",2012,English,epub,401 Kb,2024-09-30 15:44:43,"./downloads/Geertz, Clifford;Inglis, Fred - Life among the Anthros and Other Essays.epub"
Local knowledge: further essays in interpretive anthropology,"Geertz,Clifford",2000;2012,English,epub,676 Kb,2024-09-30 15:45:05,"./downloads/Geertz,Clifford - Local knowledge further essays in interpretive anthropology.epub"
The interpretation of cultures,Clifford Geertz,2008,English,epub,777 Kb,2024-09-30 15:45:08,./downloads/Clifford Geertz - The interpretation of cultures.epub
The Interpretation Of Cultures,Clifford Geertz,1977,English,epub,776 Kb,2024-09-30 15:45:35,./downloads/Clifford Geertz - The Interpretation Of Cultures.epub
The Interpretation of Cultures,"Geertz, Clifford;Darnton, Robert (FRW);Robert Darnton",2017,English,epub,2 Mb,2024-09-30 15:45:57,"./downloads/Geertz, Clifford;Darnton, Robert (FRW);Robert Darnton - The Interpretation of Cultures.epub"
The Religion of Java,Clifford Geertz,1976,English,epub,831 Kb,2024-09-30 15:45:58,./downloads/Clifford Geertz - The Religion of Java.epub
Available light: anthropological reflections on philosophical topics,"Geertz,Clifford",2001;2000,English,epub,1 Mb,2024-09-30 15:46:06,"./downloads/Geertz,Clifford - Available light anthropological reflections on philosophical topics.epub"
Risk and Acceptability,Mary Douglas,2013,English,epub,373 Kb,2024-09-30 15:46:30,./downloads/Mary Douglas - Risk and Acceptability.epub
Implicit Meanings,"Douglas,Mary.",2011,English,epub,1 Mb,2024-09-30 15:46:58,"./downloads/Douglas,Mary - Implicit Meanings.epub"
In Her Words : Critical Studies on Gloria Fuertes,Margaret H. Persin;Mary Makris;Jasmina Arsova;Mark Bajus;Catherine G. Bellver;Douglas K. Benson;Brenda Cappuccio;Elena Castro;Carys Evans-Corrales;Salvador J. Fajardo,2011,English,epub,444 Kb,2024-09-30 15:47:10,./downloads/Margaret H Persin;Mary Makris;Jasmina Arsova;Mark Bajus;Catherine G Bellver;Douglas K Benson;Brenda Cappuccio;Elena Castro;Carys Evans-Corrales;Salvador J Fajardo - In Her Words Critical Studies on Gloria Fuertes.epub
Essays on the Sociology of Perception,Mary Douglas,2013,English,epub,2 Mb,2024-09-30 15:49:19,./downloads/Mary Douglas - Essays on the Sociology of Perception.epub
Purity and danger: an analysis of concept of pollution and taboo,"Douglas,Professor Mary",2005,English,epub,2 Mb,2024-09-30 15:50:31,"./downloads/Douglas,Professor Mary - Purity and danger an analysis of concept of pollution and taboo.epub"
Naturals symbols: explorations in cosmology,"Douglas, Professor Mary;Douglas, Mary",2010,English,epub,2 Mb,2024-09-30 15:51:04,"./downloads/Douglas, Professor Mary;Douglas, Mary - Naturals symbols explorations in cosmology.epub"
Implicit Meanings: Selected Essays in Anthropology,Mary Douglas,1999,English,epub,1 Mb,2024-09-30 15:51:51,./downloads/Mary Douglas - Implicit Meanings Selected Essays in Anthropology.epub
Missing Persons: A Critique of Personhood in the Social Sciences,"Mary Douglas,Steven Ney",1998,English,epub,680 Kb,2024-09-30 15:51:59,"./downloads/Mary Douglas,Steven Ney - Missing Persons A Critique of Personhood in the Social Sciences.epub"
The Lele of the Kasai,Mary Douglas,2003,English,epub,2 Mb,2024-09-30 15:52:03,./downloads/Mary Douglas - The Lele of the Kasai.epub
Risk and Culture: An Essay on the Selection of Technological and Environmental Dangers,"Mary Douglas,Aaron Wildavsky",1983,English,epub,2 Mb,2024-09-30 15:53:06,"./downloads/Mary Douglas,Aaron Wildavsky - Risk and Culture An Essay on the Selection of Technological and Environmental Dangers.epub"
Food in the Social Order,"Douglas,Mary",,English,epub,5 Mb,2024-09-30 15:56:26,"./downloads/Douglas,Mary - Food in the Social Order.epub"
Ancestral passions: the Leakey family and the quest for humankind's beginnings,"Familie Leakey;Leakey, Louis Seymour Bazett;Leakey, Mary Douglas;Leakey, Richard E.;Morell, Virginia",1995,English,epub,5 Mb,2024-09-30 15:57:25,"./downloads/Familie Leakey;Leakey, Louis Seymour Bazett;Leakey, Mary Douglas;Leakey, Richard E;Morell, Virginia - Ancestral passions the Leakey family and the quest for humankind's beginnings.epub"
The Structural Study of Myth and Totemism,Edmund Leach,1967,English,epub,682 Kb,2024-09-30 18:14:53,./downloads/Edmund Leach - The Structural Study of Myth and Totemism.epub
Social Change in Modern India,M.N. Srinivas,2000,English,epub,402 Kb,2024-09-30 18:15:04,./downloads/MN Srinivas - Social Change in Modern India.epub
Choice and morality in anthropological perspective: essays in honor of Derek Freeman,"George N. Appell,T. N. Madan",1988,English,epub,611 Kb,2024-09-30 18:15:33,"./downloads/George N Appell,T N Madan - Choice and morality in anthropological perspective essays in honor of Derek Freeman.epub"
Truth About India: Can We Get It?,Verrier Elwin,2017,English,epub,176 Kb,2024-09-30 18:15:44,./downloads/Verrier Elwin - Truth About India Can We Get It.epub
Sunlight on the Garden,Andre Beteille,2012,English,epub,315 Kb,2024-09-30 18:16:05,./downloads/Andre Beteille - Sunlight on the Garden.epub
Slum Acts (After the Postcolonial),Veena Das,2022,English,epub,320 Kb,2024-09-30 18:16:27,./downloads/Veena Das - Slum Acts (After the Postcolonial).epub
Life and words violence and the descent into the ordinary,"Das, Veena;Cavell, Stanley",2007,English,epub,661 Kb,2024-09-30 18:16:28,"./downloads/Das, Veena;Cavell, Stanley - Life and words violence and the descent into the ordinary.epub"
Ayya's Accounts : A Ledger of Hope in Modern India,Anand Pandian;M. P. Mariappan;Veena Das,2014,English,epub,3 Mb,2024-09-30 18:18:19,./downloads/Anand Pandian;M P Mariappan;Veena Das - Ayya's Accounts A Ledger of Hope in Modern India.epub
You Don’t Know Us Negroes and Other Essays,"Zora Neale Hurston,Henry Louis Gates Jr.,Genevieve West",2022,English,epub,1 Mb,2024-09-30 18:19:13,"./downloads/Zora Neale Hurston,Henry Louis Gates Jr,Genevieve West - You Don’t Know Us Negroes and Other Essays.epub"
"The ""Pet Negro"" system",Zora Neale Hurston,2019,English,epub,134 Kb,2024-09-30 18:19:15,./downloads/Zora Neale Hurston - The Pet Negro system.epub
I love myself when I am laughing ... and then again when I am looking mean and impressive: a Zora Neale Hurston reader,"Hurston, Zora Neale;Walker, Alice;Washington, Mary Helen",2020;2019,English,epub,2 Mb,2024-09-30 18:19:22,"./downloads/Hurston, Zora Neale;Walker, Alice;Washington, Mary Helen - I love myself when I am laughing and then again when I am looking mean and impressive a Zora Neale Hurston reader.epub"
"Barracoon: The Story of the Last ""Black Cargo""",Zora Neale Hurston;Deborah G. Plant (ed.),2018,English,epub,1 Mb,2024-09-30 18:19:48,./downloads/Zora Neale Hurston;Deborah G Plant (ed) - Barracoon The Story of the Last Black Cargo.epub
"Zora Neale Hurston on Florida food : recipes, remedies and simple pleasures","Hurston, Zora Neale;Opie, Frederick Douglass",2015,English,epub,3 Mb,2024-09-30 18:20:52,"./downloads/Hurston, Zora Neale;Opie, Frederick Douglass - Zora Neale Hurston on Florida food recipes, remedies and simple pleasures.epub"
Dust Tracks on a Road: An Autobiography,Zora Neale Hurston,2010,English,epub,964 Kb,2024-09-30 18:21:23,./downloads/Zora Neale Hurston - Dust Tracks on a Road An Autobiography.epub
Dust Tracks on a Road,"Zora Neale Hurston,Maya Angelou",1942,English,epub,483 Kb,2024-09-30 18:21:40,"./downloads/Zora Neale Hurston,Maya Angelou - Dust Tracks on a Road.epub"
Zora Neale Hurston: a life in letters,"Hurston, Zora Neale;Kaplan, Carla",2003;2007,English,epub,4 Mb,2024-09-30 18:23:22,"./downloads/Hurston, Zora Neale;Kaplan, Carla - Zora Neale Hurston a life in letters.epub"
Zora and Langston: a story of friendship and betrayal,"Hughes, Langston;Hurston, Zora Neale;Taylor, Yuval",2019,English,epub,15 Mb,2024-09-30 18:24:36,"./downloads/Hughes, Langston;Hurston, Zora Neale;Taylor, Yuval - Zora and Langston a story of friendship and betrayal.epub"
Half a Man - The Status of the Negro in New York - With a Forword by Franz Boas,Franz Boas;Mary White Ovington,2013,English,epub,176 Kb,2024-09-30 18:24:55,./downloads/Franz Boas;Mary White Ovington - Half a Man - The Status of the Negro in New York - With a Forword by Franz Boas.epub
Anthropology and Modern Life,"Boas,Franz",2012,English,epub,712 Kb,2024-09-30 18:25:54,"./downloads/Boas,Franz - Anthropology and Modern Life.epub"
Anthropology and Modern Life (Routledge Revivals),Franz Boas,1987,English,epub,454 Kb,2024-09-30 18:26:05,./downloads/Franz Boas - Anthropology and Modern Life (Routledge Revivals).epub
Franz Boas: the emergence of the anthropologist,"Germany;Boas, Franz;Zumwalt, Rosemary Lévy",2019,English,epub,3 Mb,2024-09-30 18:27:37,"./downloads/Germany;Boas, Franz;Zumwalt, Rosemary Lévy - Franz Boas the emergence of the anthropologist.epub"
A Wealth of Thought: Franz Boas on Native American Art,Franz Boas,2017,English,epub,30 Mb,2024-09-30 18:39:27,./downloads/Franz Boas - A Wealth of Thought Franz Boas on Native American Art.epub
All in a Garden Green,Paul J. Willis,2020,English,epub,2 Mb,2024-09-30 18:40:44,./downloads/Paul J Willis - All in a Garden Green.epub
The Battle of the Nile: A Ladybird Expert Book,"Sam Willis,Paul Young (illustrator)",2019,English,epub,17 Mb,2024-09-30 18:52:53,"./downloads/Sam Willis,Paul Young (illustrator) - The Battle of the Nile A Ladybird Expert Book.epub"
Profane culture,"Paul E Willis,Paul E Willis",2014,English,epub,2 Mb,2024-09-30 18:55:46,"./downloads/Paul E Willis,Paul E Willis - Profane culture.epub"
"Bite by Bite: American History Through Feasts, Foods, and Side Dishes",Marc Aronson;Paul Freedman;Frederick Douglass Opie;Amanda Palacios;Tatum Willis;David Zheng,2024,English,epub,24 Mb,2024-09-30 18:55:50,"./downloads/Marc Aronson;Paul Freedman;Frederick Douglass Opie;Amanda Palacios;Tatum Willis;David Zheng - Bite by Bite American History Through Feasts, Foods, and Side Dishes.epub"
Measuring the Effectiveness of Border Security Between Ports-of-Entry : Security Between Ports-of-Entry,Henry H. Willis;Joel B. Predd;Paul K. Davis;Wayne P Brown,2010,English,epub,2 Mb,2024-09-30 18:57:52,./downloads/Henry H Willis;Joel B Predd;Paul K Davis;Wayne P Brown - Measuring the Effectiveness of Border Security Between Ports-of-Entry Security Between Ports-of-Entry.epub
Battle of Trafalgar,"Sam Willis,Paul Young (illustrator)",2019,English,epub,17 Mb,2024-09-30 19:02:34,"./downloads/Sam Willis,Paul Young (illustrator) - Battle of Trafalgar.epub"
Conversations with Bourdieu: the Johannesburg moment,"Burawoy, Michael;Von Holdt, $b Karl",2012,English,epub,444 Kb,2024-09-30 19:03:20,"./downloads/Burawoy, Michael;Von Holdt, $b Karl - Conversations with Bourdieu the Johannesburg moment.epub"
Uncertain Transition: ethnographies of change in the postsocialist world,"Michael Burawoy,Katherine Verdery",1999,English,epub,686 Kb,2024-09-30 19:03:37,"./downloads/Michael Burawoy,Katherine Verdery - Uncertain Transition ethnographies of change in the postsocialist world.epub"
Engaging Erik Olin Wright: Between Class Analysis and Real Utopias,"Michael Burawoy,Gay Seidman (eds.)",2024,English,epub,1 Mb,2024-09-30 19:03:58,"./downloads/Michael Burawoy,Gay Seidman (eds) - Engaging Erik Olin Wright Between Class Analysis and Real Utopias.epub"
Commodifying Bodies,"Nancy Scheper-Hughes,Loïc Wacquant",2002,English,epub,547 Kb,2024-09-30 19:04:18,"./downloads/Nancy Scheper-Hughes,Loïc Wacquant - Commodifying Bodies.epub"
The Soft Vengeance of a Freedom Fighter,Albie Sachs;Archbishop Desmond Tutu;Nancy Scheper-Hughes,2014,English,epub,1 Mb,2024-09-30 19:04:32,./downloads/Albie Sachs;Archbishop Desmond Tutu;Nancy Scheper-Hughes - The Soft Vengeance of a Freedom Fighter.epub
The Saving Lie: Truth and Method in the Social Sciences,F. G. Bailey,2013,English,epub,401 Kb,2024-09-30 19:05:05,./downloads/F G Bailey - The Saving Lie Truth and Method in the Social Sciences.epub
Mothers in Poverty: A Study of Fatherless Families,F. G. Bailey,2017,English,epub,8 Mb,2024-09-30 19:10:36,./downloads/F G Bailey - Mothers in Poverty A Study of Fatherless Families.epub
Dream Psychology,Freud Sigmund,,English,epub,140 Kb,2024-09-30 19:10:46,./downloads/Freud Sigmund - Dream Psychology.epub
Leonardo da Vinci,Freud Sigmund,,English,epub,293 Kb,2024-09-30 19:10:46,./downloads/Freud Sigmund - Leonardo da Vinci.epub
Three Contributions to the Theory of Sex,Freud Sigmund,,English,epub,125 Kb,2024-09-30 19:10:47,./downloads/Freud Sigmund - Three Contributions to the Theory of Sex.epub
Carl Gustav Jung,"Jung, Carl Gustav;Casement, Ann;Jung, Jung Carl Gustav",2001,English,epub,547 Kb,2024-09-30 19:11:11,"./downloads/Jung, Carl Gustav;Casement, Ann;Jung, Jung Carl Gustav - Carl Gustav Jung.epub"
Introduction to Jungian psychology : notes of the seminar on analytical psychology given in 1925,"Jung, Carl Gustav;Shamdasani, Sonu;McGuire, William;Jung, Carl Gustav",2012,English,epub,2 Mb,2024-09-30 19:12:02,"./downloads/Jung, Carl Gustav;Shamdasani, Sonu;McGuire, William;Jung, Carl Gustav - Introduction to Jungian psychology notes of the seminar on analytical psychology given in 1925.epub"
Psychogenesis of Mental Disease,"Hull, Richard Francis Carrington;Jung, Carl Gustav",1982,English,epub,844 Kb,2024-09-30 19:12:17,"./downloads/Hull, Richard Francis Carrington;Jung, Carl Gustav - Psychogenesis of Mental Disease.epub"
"Collected Works of C.G. Jung, Volume 1: Psychiatric Studies","Adler, Gerhard;Hull, Richard Francis Carrington;Jung, Carl Gustav",1970,English,epub,1 Mb,2024-09-30 19:12:52,"./downloads/Adler, Gerhard;Hull, Richard Francis Carrington;Jung, Carl Gustav - Collected Works of CG Jung, Volume 1 Psychiatric Studies.epub"
Madness and creativity,"Rosen, David H.;Jung, Carl Gustav;Ulanov, Ann Belford",2013,English,epub,3 Mb,2024-09-30 19:13:16,"./downloads/Rosen, David H;Jung, Carl Gustav;Ulanov, Ann Belford - Madness and creativity.epub"
Psychiatric studies,"Adler, Gerhard;Hull, Richard Francis Carrington;Jung, Carl Gustav",1970,English,epub,1 Mb,2024-09-30 19:13:25,"./downloads/Adler, Gerhard;Hull, Richard Francis Carrington;Jung, Carl Gustav - Psychiatric studies.epub"
Two essays on analytical psychology,"Adler, Gerhard;Hull, Richard Francis Carrington;Jung, Carl Gustav",1966,English,epub,972 Kb,2024-09-30 19:13:46,"./downloads/Adler, Gerhard;Hull, Richard Francis Carrington;Jung, Carl Gustav - Two essays on analytical psychology.epub"
Jung and the alchemical imagination,"Jung, Carl Gustav;Raff, Jeffrey;Jung, Carl Gustav",2000,English,epub,6 Mb,2024-09-30 19:13:54,"./downloads/Jung, Carl Gustav;Raff, Jeffrey;Jung, Carl Gustav - Jung and the alchemical imagination.epub"
Analytical psychology : notes of the seminar given in 1925,"McGuire, William;Jung, Carl Gustav",1925,English,epub,2 Mb,2024-09-30 19:14:38,"./downloads/McGuire, William;Jung, Carl Gustav - Analytical psychology notes of the seminar given in 1925.epub"
Freud and psychoanalysis,"Adler, Gerhard;Freud, Sigmund;Hull, Richard Francis Carrington;Jung, Carl Gustav",1961,English,epub,2 Mb,2024-09-30 19:15:29,"./downloads/Adler, Gerhard;Freud, Sigmund;Hull, Richard Francis Carrington;Jung, Carl Gustav - Freud and psychoanalysis.epub"
Man and His Symbols,Carl Gustav Jung,1968,English,epub,15 Mb,2024-09-30 19:34:29,./downloads/Carl Gustav Jung - Man and His Symbols.epub
Science and Human Behavior,"Skinner,B. F",2014,English,epub,860 Kb,2024-09-30 19:35:08,"./downloads/Skinner,B F - Science and Human Behavior.epub"
Verbal Behavior,B. F. Skinner,2013,English,epub,1 Mb,2024-09-30 19:35:21,./downloads/B F Skinner - Verbal Behavior.epub
Beyond Freedom and Dignity,B.F. Skinner,2011,English,epub,800 Kb,2024-09-30 19:35:21,./downloads/BF Skinner - Beyond Freedom and Dignity.epub
"Walden Two, including Walden Two Revisited",B. F. Skinner,2005,English,epub,381 Kb,2024-09-30 19:35:31,"./downloads/B F Skinner - Walden Two, including Walden Two Revisited.epub"
Walden Two Follow-Up. News From Nowhere,"B. F. Skinner,Los Horcones","1985, 1986",English,epub,236 Kb,2024-09-30 19:35:31,"./downloads/B F Skinner,Los Horcones - Walden Two Follow-Up News From Nowhere.epub"
Science and human behavior,B. F. Skinner,1965,English,epub,441 Kb,2024-09-30 19:35:41,./downloads/B F Skinner - Science and human behavior.epub
About Behaviorism,B. F. Skinner,1974,English,epub,2 Mb,2024-09-30 19:36:25,./downloads/B F Skinner - About Behaviorism.epub
The Technology of Teaching,B. F. Skinner,2016,English,epub,2 Mb,2024-09-30 19:37:36,./downloads/B F Skinner - The Technology of Teaching.epub
"Child's Conception of the World: Selected Works vol 1: ""the Child's Conception of the World"" (1929) Vol X",Jean Piaget,2013,English,epub,434 Kb,2024-09-30 19:37:49,./downloads/Jean Piaget - Child's Conception of the World Selected Works vol 1 the Child's Conception of the World (1929) Vol X.epub
The Psychology Of The Child,Jean Piaget,1969,English,epub,6 Mb,2024-09-30 19:45:35,./downloads/Jean Piaget - The Psychology Of The Child.epub
A Therapist's View Of Personal Goals,Carl R. Rogers,2020,English,epub,327 Kb,2024-09-30 19:45:50,./downloads/Carl R Rogers - A Therapist's View Of Personal Goals.epub
On Becoming an Effective Teacher,Carl R Rogers;Harold C Lyon;Reinhard Tausch;,2014,English,epub,922 Kb,2024-09-30 19:46:08,./downloads/Carl R Rogers;Harold C Lyon;Reinhard Tausch; - On Becoming an Effective Teacher.epub
"Client-Centered Therapy: Its Current Practice, Implications, and Theory",Carl Rogers,2021,English,epub,966 Kb,2024-09-30 19:46:12,"./downloads/Carl Rogers - Client-Centered Therapy Its Current Practice, Implications, and Theory.epub"
On becoming a person: a therapist's view of psychotherapy,"Rogers,Carl",2012,English,epub,1 Mb,2024-09-30 19:46:20,"./downloads/Rogers,Carl - On becoming a person a therapist's view of psychotherapy.epub"
Client Centred Therapy (New Ed),Carl R. Rogers,2012,English,epub,905 Kb,2024-09-30 19:46:30,./downloads/Carl R Rogers - Client Centred Therapy (New Ed).epub
On Becoming a Person: A Therapist’s View of Psychotherapy,Carl Rogers,1995,English,epub,800 Kb,2024-09-30 19:46:33,./downloads/Carl Rogers - On Becoming a Person A Therapist’s View of Psychotherapy.epub
A Way of Being,Carl Rogers,1980,English,epub,979 Kb,2024-09-30 19:46:53,./downloads/Carl Rogers - A Way of Being.epub
Essays in Radical Empiricism,James William,,English,epub,179 Kb,2024-09-30 19:47:08,./downloads/James William - Essays in Radical Empiricism.epub
The Will to Believe and Other Essays in Popular Philosophy,James William,,English,epub,265 Kb,2024-09-30 19:47:16,./downloads/James William - The Will to Believe and Other Essays in Popular Philosophy.epub
A Pluralistic Universe,James William,,English,epub,199 Kb,2024-09-30 19:47:17,./downloads/James William - A Pluralistic Universe.epub
Varieties of Religious Experience,James William,,English,epub,457 Kb,2024-09-30 19:47:25,./downloads/James William - Varieties of Religious Experience.epub
Mind in Society: The Development of Higher Psychological Processes,"Lev S. Vygotsky,L. S. Vygotsky",1980,English,epub,617 Kb,2024-09-30 19:47:44,"./downloads/Lev S Vygotsky,L S Vygotsky - Mind in Society The Development of Higher Psychological Processes.epub"
The Neurotic Constitution: Outlines of a Comparative Individualistic Psychology and Psychotherapy,"Adler,Alfred",2013,English,epub,638 Kb,2024-09-30 19:48:22,"./downloads/Adler,Alfred - The Neurotic Constitution Outlines of a Comparative Individualistic Psychology and Psychotherapy.epub"
The Case of Miss R. (Psychology Revivals) : The Interpretation of a Life Story,Alfred Adler,2013,English,epub,403 Kb,2024-09-30 19:48:32,./downloads/Alfred Adler - The Case of Miss R (Psychology Revivals) The Interpretation of a Life Story.epub
The Science of Living,"Adler,Alfred",2013,English,epub,1 Mb,2024-09-30 19:48:32,"./downloads/Adler,Alfred - The Science of Living.epub"
"The Collected Clinical Works of Alfred Adler, Volume 2 - Journal Articles: 1898-1909",Alfred Adler,2011,English,epub,344 Kb,2024-09-30 19:48:39,"./downloads/Alfred Adler - The Collected Clinical Works of Alfred Adler, Volume 2 - Journal Articles 1898-1909.epub"
"The courage to be disliked: how to free yourself, change your life and achieve real happiness","Adler, Alfred;Kishimi, Ichirō;Koga, Fumitake",2018;2017,English,epub,2 Mb,2024-09-30 19:48:44,"./downloads/Adler, Alfred;Kishimi, Ichirō;Koga, Fumitake - The courage to be disliked how to free yourself, change your life and achieve real happiness.epub"
"The Collected Clinical Works of Alfred Adler, Volume 1: The Neurotic Character",Alfred Adler,2011,English,epub,509 Kb,2024-09-30 19:48:50,"./downloads/Alfred Adler - The Collected Clinical Works of Alfred Adler, Volume 1 The Neurotic Character.epub"
Guiding the Child (Psychology Revivals) : On the Principles of Individual Psychology,Alfred Adler,2013,English,epub,205 Kb,2024-09-30 19:48:52,./downloads/Alfred Adler - Guiding the Child (Psychology Revivals) On the Principles of Individual Psychology.epub
"The Collected Clinical Works of Alfred Adler, Volume 4 - Journal Articles: 1914-1920",Alfred Adler,2011,English,epub,367 Kb,2024-09-30 19:48:59,"./downloads/Alfred Adler - The Collected Clinical Works of Alfred Adler, Volume 4 - Journal Articles 1914-1920.epub"
"The Collected Clinical Works of Alfred Adler, Volume 3 - Journal Articles: 1910-1913",Alfred Adler,2011,English,epub,350 Kb,2024-09-30 19:48:59,"./downloads/Alfred Adler - The Collected Clinical Works of Alfred Adler, Volume 3 - Journal Articles 1910-1913.epub"
"The Collected Clinical Works of Alfred Adler, Volume 6 - Journal Articles: 1927-1931",Alfred Adler,2011,English,epub,342 Kb,2024-09-30 19:49:02,"./downloads/Alfred Adler - The Collected Clinical Works of Alfred Adler, Volume 6 - Journal Articles 1927-1931.epub"
"The Collected Clinical Works of Alfred Adler, Volume 7 - Journal Articles: 1931-1937",Alfred Adler,2011,English,epub,400 Kb,2024-09-30 19:49:05,"./downloads/Alfred Adler - The Collected Clinical Works of Alfred Adler, Volume 7 - Journal Articles 1931-1937.epub"
"The Collected Clinical Works of Alfred Adler, Volume 5 - Journal Articles: 1921-1926",Alfred Adler,2011,English,epub,376 Kb,2024-09-30 19:49:07,"./downloads/Alfred Adler - The Collected Clinical Works of Alfred Adler, Volume 5 - Journal Articles 1921-1926.epub"
"The Collected Clinical Works of Alfred Adler, Volume 9 - Case Histories: Problems of Neurosis",Alfred Adler,2011,English,epub,402 Kb,2024-09-30 19:49:12,"./downloads/Alfred Adler - The Collected Clinical Works of Alfred Adler, Volume 9 - Case Histories Problems of Neurosis.epub"
"The Collected Clinical Works of Alfred Adler, Volume 10: Case Readings and Demonstrations",Alfred Adler,2008,English,epub,367 Kb,2024-09-30 19:49:14,"./downloads/Alfred Adler - The Collected Clinical Works of Alfred Adler, Volume 10 Case Readings and Demonstrations.epub"
Understanding Human Nature: The Psychology of Personality,Alfred Adler,2009,English,epub,477 Kb,2024-09-30 19:49:16,./downloads/Alfred Adler - Understanding Human Nature The Psychology of Personality.epub
Understanding Human Nature,"Adler,Alfred",,English,epub,1 Mb,2024-09-30 19:49:51,"./downloads/Adler,Alfred - Understanding Human Nature.epub"
A Theory of Human Motivation,"Maslow,Abraham H",2017,English,epub,2 Mb,2024-09-30 19:51:00,"./downloads/Maslow,Abraham H - A Theory of Human Motivation.epub"
Toward a Psychology of Being,"Maslow,Abraham H",2013,English,epub,246 Kb,2024-09-30 19:51:05,"./downloads/Maslow,Abraham H - Toward a Psychology of Being.epub"
Motivation and Personality,Abraham Harold Maslow,2024,English,epub,3 Mb,2024-09-30 19:51:07,./downloads/Abraham Harold Maslow - Motivation and Personality.epub
The Psychology of Science - A Reconnaissance,Abraham Maslow,2024,English,epub,3 Mb,2024-09-30 19:51:59,./downloads/Abraham Maslow - The Psychology of Science - A Reconnaissance.epub
Identity: youth and crisis,"Erikson,Erik Homburger",2013;1994,English,epub,600 Kb,2024-09-30 19:52:20,"./downloads/Erikson,Erik Homburger - Identity youth and crisis.epub"
Insight and responsibility: lectures on the ethical implications of psychoanalytic insight,"Erikson,Erik Homburger",2013;2008,English,epub,765 Kb,2024-09-30 19:52:36,"./downloads/Erikson,Erik Homburger - Insight and responsibility lectures on the ethical implications of psychoanalytic insight.epub"
The Life Cycle Completed,"Erikson, Erik Homburger;Erikson, Joan Mowat",2013;1997,English,epub,510 Kb,2024-09-30 19:52:44,"./downloads/Erikson, Erik Homburger;Erikson, Joan Mowat - The Life Cycle Completed.epub"
The life cycle completed,"Erikson, Erik Homburger;Erikson, Joan Mowat",1997,English,epub,510 Kb,2024-09-30 19:52:56,"./downloads/Erikson, Erik Homburger;Erikson, Joan Mowat - The life cycle completed.epub"
Dimensions of a New Identity,"Jefferson, Thomas;Erikson, Erik Homburger",2013;1974,English,epub,560 Kb,2024-09-30 19:53:00,"./downloads/Jefferson, Thomas;Erikson, Erik Homburger - Dimensions of a New Identity.epub"
Vital Involvement in Old Age,Erik H. Erikson;Joan M. Erikson;Helen Q. Kivnick,1994,English,epub,834 Kb,2024-09-30 19:53:25,./downloads/Erik H Erikson;Joan M Erikson;Helen Q Kivnick - Vital Involvement in Old Age.epub
Childhood and Society,"Erikson,Erik Homburger",2013;1993,English,epub,1 Mb,2024-09-30 19:53:41,"./downloads/Erikson,Erik Homburger - Childhood and Society.epub"
Young man Luther: a study in psychoanalysis and history,"Erikson, Erik Homburger;Luther, Martin",1993,English,epub,581 Kb,2024-09-30 19:53:48,"./downloads/Erikson, Erik Homburger;Luther, Martin - Young man Luther a study in psychoanalysis and history.epub"
Life History and the Historical Moment,"Erikson,Erik Homburger",1975;1991,English,epub,919 Kb,2024-09-30 19:53:52,"./downloads/Erikson,Erik Homburger - Life History and the Historical Moment.epub"
Toys and Reasons: Stages in the Ritualization of Experience,Erik H. Erikson,1977,English,epub,743 Kb,2024-09-30 19:54:08,./downloads/Erik H Erikson - Toys and Reasons Stages in the Ritualization of Experience.epub
Gandhi's truth : on the origins of militant nonviolence,"Erikson, Erik Homburger;Gandhi, Mohandas Karamchand;Gandhi",1993,English,epub,502 Kb,2024-09-30 19:54:14,"./downloads/Erikson, Erik Homburger;Gandhi, Mohandas Karamchand;Gandhi - Gandhi's truth on the origins of militant nonviolence.epub"
Erik Erikson - Identity and the Life Cycle,Erik Erikson,,English,epub,4 Mb,2024-09-30 19:55:27,./downloads/Erik Erikson - Erik Erikson - Identity and the Life Cycle.epub
Psychology for India,Durganand Sinha;Girishwar Misra;Ajit K. Dalal,2015,English,epub,902 Kb,2024-09-30 19:56:07,./downloads/Durganand Sinha;Girishwar Misra;Ajit K Dalal - Psychology for India.epub
New Directions in Health Psychology,"Dalal, Ajit K.;Misra, Girishwar",2012;2016,English,epub,956 Kb,2024-09-30 19:56:38,"./downloads/Dalal, Ajit K;Misra, Girishwar - New Directions in Health Psychology.epub"
Psychology for India,Durganand Sinha;Girishwar Misra;Ajit K. Dalal,2015,English,epub,902 Kb,2024-09-30 19:56:47,./downloads/Durganand Sinha;Girishwar Misra;Ajit K Dalal - Psychology for India.epub
"Cultural Psychology of Health in India: Well-being, Medicine and Traditional Health Care","Dalal,Ajit K",,English,epub,1 Mb,2024-09-30 19:56:51,"./downloads/Dalal,Ajit K - Cultural Psychology of Health in India Well-being, Medicine and Traditional Health Care.epub"
Qualitative Inquiry in the Public Sphere,"Norman K. Denzin,Michael D. Giardina",2021,English,epub,1 Mb,2024-09-30 19:57:31,"./downloads/Norman K Denzin,Michael D Giardina - Qualitative Inquiry in the Public Sphere.epub"
Sociology of Law,"Norman K. Denzin,Georges Gurvitch",2020,English,epub,573 Kb,2024-09-30 19:57:42,"./downloads/Norman K Denzin,Georges Gurvitch - Sociology of Law.epub"
Radical Interactionism and Critiques of Contemporary Culture,Norman K Denzin,2021,English,epub,561 Kb,2024-09-30 19:57:56,./downloads/Norman K Denzin - Radical Interactionism and Critiques of Contemporary Culture.epub
The Qualitative Manifesto,"Denzin, Norman K.;",2019,English,epub,359 Kb,2024-09-30 19:58:07,"./downloads/Denzin, Norman K; - The Qualitative Manifesto.epub"
"Oppression and Resistance : Structure, Agency, Transformation",Gil Richard Musolf;Norman K. Denzin,2017,English,epub,499 Kb,2024-09-30 19:58:36,"./downloads/Gil Richard Musolf;Norman K Denzin - Oppression and Resistance Structure, Agency, Transformation.epub"
Carl J. Couch and the Iowa School : In His Own Words and in Reflection,Michael A. Katovich;Norman K. Denzin,2017,English,epub,503 Kb,2024-09-30 19:58:50,./downloads/Michael A Katovich;Norman K Denzin - Carl J Couch and the Iowa School In His Own Words and in Reflection.epub
"Indians on Display: Global Commodification of Native America in Performance, Art, and Museums",Norman K Denzin,2016,English,epub,2 Mb,2024-09-30 20:00:03,"./downloads/Norman K Denzin - Indians on Display Global Commodification of Native America in Performance, Art, and Museums.epub"
Indians in Color,Norman K Denzin,2015,English,epub,3 Mb,2024-09-30 20:02:43,./downloads/Norman K Denzin - Indians in Color.epub
The SAGE Handbook of Qualitative Research,"Norman K. Denzin (editor),Yvonna S. Lincoln (editor),Michael Donald Giardina (editor),Gaile S. Cannella (editor)",2023,English,epub,13 Mb,2024-09-30 20:03:54,"./downloads/Norman K Denzin (editor),Yvonna S Lincoln (editor),Michael Donald Giardina (editor),Gaile S Cannella (editor) - The SAGE Handbook of Qualitative Research.epub"
40th Anniversary of Studies in Symbolic Interaction,Norman K. Denzin (ed.),2013,English,epub,4 Mb,2024-09-30 20:04:01,./downloads/Norman K Denzin (ed) - 40th Anniversary of Studies in Symbolic Interaction.epub
Qualitative Inquiry and the Politics of Advocacy,"Norman K Denzin,Michael D Giardina",2012,English,epub,2 Mb,2024-09-30 20:05:10,"./downloads/Norman K Denzin,Michael D Giardina - Qualitative Inquiry and the Politics of Advocacy.epub"
Social Psychology,Alfred R. Lindesmith;Anselm Strauss;Norman K. Denzin,1999,English,epub,3 Mb,2024-09-30 20:06:26,./downloads/Alfred R Lindesmith;Anselm Strauss;Norman K Denzin - Social Psychology.epub
The Landscape of Qualitative Research: Theories and Issues Volume 1,"Norman K. Denzin,Yvonna S. Lincoln",1998,English,epub,558 Kb,2024-09-30 20:06:39,"./downloads/Norman K Denzin,Yvonna S Lincoln - The Landscape of Qualitative Research Theories and Issues Volume 1.epub"
"The Cinematic Society: The Voyeur's Gaze (Theory, Culture & Society)",Norman K. Denzin,1995,English,epub,594 Kb,2024-09-30 20:06:58,"./downloads/Norman K Denzin - The Cinematic Society The Voyeur's Gaze (Theory, Culture & Society).epub"
"Contesting Empire, Globalizing Dissent: Cultural Studies After 9/11",Norman K. Denzin,,English,epub,823 Kb,2024-09-30 20:07:31,"./downloads/Norman K Denzin - Contesting Empire, Globalizing Dissent Cultural Studies After 911.epub"
9/11 in American Culture,"Yvonna S. Lincoln (ed.),Norman K. Denzin (ed.)",2013,English,epub,5 Mb,2024-09-30 20:07:51,"./downloads/Yvonna S Lincoln (ed),Norman K Denzin (ed) - 911 in American Culture.epub"
The Sage Handbook of Qualitative Research,Norman K. Denzin;Yvonna S. Lincoln,2017,English,epub,28 Mb,2024-09-30 20:09:12,./downloads/Norman K Denzin;Yvonna S Lincoln - The Sage Handbook of Qualitative Research.epub
9/11 in American Culture,"Yvonna S. Lincoln (ed.),Norman K. Denzin (ed.)",2013,English,epub,5 Mb,2024-09-30 20:12:48,"./downloads/Yvonna S Lincoln (ed),Norman K Denzin (ed) - 911 in American Culture.epub"
The Landscape of Qualitative Research: Theories and Issues Volume 1,"Norman K. Denzin,Yvonna S. Lincoln",1998,English,epub,558 Kb,2024-09-30 20:13:04,"./downloads/Norman K Denzin,Yvonna S Lincoln - The Landscape of Qualitative Research Theories and Issues Volume 1.epub"
The SAGE Handbook of Qualitative Research,"Norman K. Denzin (editor),Yvonna S. Lincoln (editor),Michael Donald Giardina (editor),Gaile S. Cannella (editor)",2023,English,epub,13 Mb,2024-09-30 20:19:14,"./downloads/Norman K Denzin (editor),Yvonna S Lincoln (editor),Michael Donald Giardina (editor),Gaile S Cannella (editor) - The SAGE Handbook of Qualitative Research.epub"
The Sage Handbook of Qualitative Research,Norman K. Denzin;Yvonna S. Lincoln,2017,English,epub,28 Mb,2024-09-30 20:25:06,./downloads/Norman K Denzin;Yvonna S Lincoln - The Sage Handbook of Qualitative Research.epub
Status Passage,Anselm L. Strauss,2017,English,epub,383 Kb,2024-09-30 20:25:55,./downloads/Anselm L Strauss - Status Passage.epub
The Contexts of Social Mobility: Ideology and Theory,Anselm L. Strauss,2017,English,epub,684 Kb,2024-09-30 20:25:56,./downloads/Anselm L Strauss - The Contexts of Social Mobility Ideology and Theory.epub
On Becoming a Social Scientist,Shulamit Reinharz,2017,English,epub,975 Kb,2024-09-30 20:26:29,./downloads/Shulamit Reinharz - On Becoming a Social Scientist.epub
"The Best School in Jerusalem : Annie Landau's School for Girls, 1900-1960",Laura S. Schor;Shulamit Reinharz,2013,English,epub,2 Mb,2024-09-30 20:26:44,"./downloads/Laura S Schor;Shulamit Reinharz - The Best School in Jerusalem Annie Landau's School for Girls, 1900-1960.epub"
Today I Am a Woman : Stories of Bat Mitzvah Around the World,Barbara Vinick;Shulamit Reinharz,2011,English,epub,6 Mb,2024-09-30 20:29:21,./downloads/Barbara Vinick;Shulamit Reinharz - Today I Am a Woman Stories of Bat Mitzvah Around the World.epub
100 Jewish Brides: Stories from Around the World,"Barbara Vinick (editor),Shulamit Reinharz (editor)",2024,English,epub,21 Mb,2024-09-30 20:35:35,"./downloads/Barbara Vinick (editor),Shulamit Reinharz (editor) - 100 Jewish Brides Stories from Around the World.epub"
Blue Marble Evaluation: Premises and Principles,Michael Quinn Patton,2019,English,epub,12 Mb,2024-09-30 20:48:52,./downloads/Michael Quinn Patton - Blue Marble Evaluation Premises and Principles.epub
Qualitative Inquiry & Research Design: Choosing Among Five Approaches,"Creswell, John W.;Poth, Cheryl N.",2018,English,epub,5 Mb,2024-09-30 20:50:37,"./downloads/Creswell, John W;Poth, Cheryl N - Qualitative Inquiry & Research Design Choosing Among Five Approaches.epub"
"Research Design: Qualitative, Quantitative, and Mixed Methods Approaches","John W. Creswell,J. David Creswell",2022,English,epub,14 Mb,2024-09-30 20:54:30,"./downloads/John W Creswell,J David Creswell - Research Design Qualitative, Quantitative, and Mixed Methods Approaches.epub"
Qualitative Inquiry and Research Design: Choosing among Five Traditions,John W. Creswell,1997,English,epub,1 Mb,2024-09-30 20:54:51,./downloads/John W Creswell - Qualitative Inquiry and Research Design Choosing among Five Traditions.epub
Designing and Conducting Mixed Methods Research. Third Edition,John W. Creswell &;Vicki L. Plano Clark,2017,English,epub,14 Mb,2024-09-30 20:59:04,./downloads/John W Creswell &;Vicki L Plano Clark - Designing and Conducting Mixed Methods Research Third Edition.epub
30 Essential Skills for the Qualitative Researcher,"John W. Creswell,Johanna Creswell Baez",2020,English,epub,27 Mb,2024-09-30 21:00:46,"./downloads/John W Creswell,Johanna Creswell Baez - 30 Essential Skills for the Qualitative Researcher.epub"
The Art of Fieldwork,Harry F. Wolcott,2004,English,epub,694 Kb,2024-09-30 21:01:27,./downloads/Harry F Wolcott - The Art of Fieldwork.epub
Ethnography Lessons: A Primer,Harry F Wolcott,2016,English,epub,560 Kb,2024-09-30 21:01:44,./downloads/Harry F Wolcott - Ethnography Lessons A Primer.epub
"Experience, Caste, and the Everyday Social",Gopal Guru;Sundar Sarukkai,2019,English,epub,323 Kb,2024-09-30 21:01:56,"./downloads/Gopal Guru;Sundar Sarukkai - Experience, Caste, and the Everyday Social.epub"
A Dalit History,"Guru, Gopal;Kandasamy, Meena",2017,English,epub,1 Mb,2024-09-30 21:02:35,"./downloads/Guru, Gopal;Kandasamy, Meena - A Dalit History.epub"
The Burning Forest: India’s War Against the Maoists,Nandini Sundar,2019,English,epub,1 Mb,2024-09-30 21:03:28,./downloads/Nandini Sundar - The Burning Forest India’s War Against the Maoists.epub
A Functioning Anarchy?: Essays for Ramachandra Guha,Nandini SundarandSrinath Raghavan (eds.),2021,English,epub,657 Kb,2024-09-30 21:03:46,./downloads/Nandini SundarandSrinath Raghavan (eds) - A Functioning Anarchy Essays for Ramachandra Guha.epub
Selected Writings on Race and Difference (Stuart Hall: Selected Writings),"Hall,Stuart",2021,English,epub,709 Kb,2024-09-30 21:04:30,"./downloads/Hall,Stuart - Selected Writings on Race and Difference (Stuart Hall Selected Writings).epub"
Selected Writings on Race and Difference,Stuart Hall,2021,English,epub,641 Kb,2024-09-30 21:04:30,./downloads/Stuart Hall - Selected Writings on Race and Difference.epub
The Hard Road to Renewal: Thatcherism and the Crisis of the Left,Stuart Hall,2021,English,epub,485 Kb,2024-09-30 21:04:37,./downloads/Stuart Hall - The Hard Road to Renewal Thatcherism and the Crisis of the Left.epub
Writings on Media: History of the Present,"Stuart Hall (Author),Charlotte Brunsdon (Editor)",2021,English,epub,1 Mb,2024-09-30 21:04:54,"./downloads/Stuart Hall (Author),Charlotte Brunsdon (Editor) - Writings on Media History of the Present.epub"
"Essential Essays, Volume 2: Identity and Diaspora","Stuart Hall,David Morley",2019,English,epub,785 Kb,2024-09-30 21:04:55,"./downloads/Stuart Hall,David Morley - Essential Essays, Volume 2 Identity and Diaspora.epub"
"Essential Essays, Volume 2 (Stuart Hall: Selected Writings)",Stuart Hall,2018,English,epub,478 Kb,2024-09-30 21:05:07,"./downloads/Stuart Hall - Essential Essays, Volume 2 (Stuart Hall Selected Writings).epub"
"Essential Essays, Volume 1 (Stuart Hall: Selected Writings)","Hall,Stuart",2018,English,epub,711 Kb,2024-09-30 21:05:24,"./downloads/Hall,Stuart - Essential Essays, Volume 1 (Stuart Hall Selected Writings).epub"
Cultural Studies 1983,"Hall,Stuart",2016,English,epub,262 Kb,2024-09-30 21:05:37,"./downloads/Hall,Stuart - Cultural Studies 1983.epub"
"Young people in the labour market: past, present, future","Furlong, Andy,Goodwin, John,Hadfield, Sarah;John Goodwin;Henrietta O’Connor;Sarah Hadfield;Stuart Hall;Kevin Lowden;Réka Plugor",2019,English,epub,3 Mb,2024-09-30 21:05:53,"./downloads/Furlong, Andy,Goodwin, John,Hadfield, Sarah;John Goodwin;Henrietta O’Connor;Sarah Hadfield;Stuart Hall;Kevin Lowden;Réka Plugor - Young people in the labour market past, present, future.epub"
Resistance through rituals: youth subcultures in post-war Britain,"Hall,Stuart,Jefferson,Tony",,English,epub,1 Mb,2024-09-30 21:06:24,"./downloads/Hall,Stuart,Jefferson,Tony - Resistance through rituals youth subcultures in post-war Britain.epub"
Familiar stranger: a life between two islands,"Großbritannien Consulate;Hall, Stuart;Schwarz, Bill",2017,English,epub,10 Mb,2024-09-30 21:09:05,"./downloads/Großbritannien Consulate;Hall, Stuart;Schwarz, Bill - Familiar stranger a life between two islands.epub"
Wired. For a Life of Worship Leader's Guide,"Louie Giglio,Stuart Hall",2006,English,epub,21 Mb,2024-09-30 21:14:23,"./downloads/Louie Giglio,Stuart Hall - Wired For a Life of Worship Leader's Guide.epub"
"Culture and Politics: Class, Writing, Socialism",Raymond Williams,2022,English,epub,314 Kb,2024-09-30 21:14:52,"./downloads/Raymond Williams - Culture and Politics Class, Writing, Socialism.epub"
May Day Manifesto 1968,Raymond Williams,2018,English,epub,611 Kb,2024-09-30 21:15:04,./downloads/Raymond Williams - May Day Manifesto 1968.epub
Resources of Hope,Raymond Williams,2016,English,epub,591 Kb,2024-09-30 21:15:15,./downloads/Raymond Williams - Resources of Hope.epub
"The Centenary Edition Raymond Williams: Who Speaks for Wales? Nation, Culture, Identity",Raymond Williams,2021,English,epub,843 Kb,2024-09-30 21:15:16,"./downloads/Raymond Williams - The Centenary Edition Raymond Williams Who Speaks for Wales Nation, Culture, Identity.epub"
Culture and Society: Coleridge to Orwell,Raymond Williams,2015,English,epub,410 Kb,2024-09-30 21:15:22,./downloads/Raymond Williams - Culture and Society Coleridge to Orwell.epub
Politics and letters : interviews with New Left Review,"Dyer, Geoff;Williams, Raymond",2015,English,epub,656 Kb,2024-09-30 21:15:40,"./downloads/Dyer, Geoff;Williams, Raymond - Politics and letters interviews with New Left Review.epub"
Politics and letters: interviews with New Left Review,"Williams,Raymond",2015,English,epub,2 Mb,2024-09-30 21:16:38,"./downloads/Williams,Raymond - Politics and letters interviews with New Left Review.epub"
Akka in Action,"Raymond Roestenburg,Rob Bakker,Rob Williams",2016,English,epub,4 Mb,2024-09-30 21:16:51,"./downloads/Raymond Roestenburg,Rob Bakker,Rob Williams - Akka in Action.epub"
Modern tragedy,"Williams,Raymond",2013,English,epub,268 Kb,2024-09-30 21:16:54,"./downloads/Williams,Raymond - Modern tragedy.epub"
The Country And The City,Raymond Williams,2013,English,epub,584 Kb,2024-09-30 21:17:10,./downloads/Raymond Williams - The Country And The City.epub
The Columbia Guide to the Latin American Novel Since 1945,"Williams,Raymond L",2007;2012,English,epub,1 Mb,2024-09-30 21:17:22,"./downloads/Williams,Raymond L - The Columbia Guide to the Latin American Novel Since 1945.epub"
Television: Technology and Cultural Form,"Williams, Raymond;Silverstone, Roger",2004;2011,English,epub,390 Kb,2024-09-30 21:17:30,"./downloads/Williams, Raymond;Silverstone, Roger - Television Technology and Cultural Form.epub"
The Long Revolution,Raymond Williams,2011,English,epub,1 Mb,2024-09-30 21:17:35,./downloads/Raymond Williams - The Long Revolution.epub
The Novel in the Americas,Raymond L. Williams,1992,English,epub,324 Kb,2024-09-30 21:17:57,./downloads/Raymond L Williams - The Novel in the Americas.epub
Mario Vargas Llosa: a life of writing,Raymond Leslie Williams,2014,English,epub,2 Mb,2024-09-30 21:18:44,./downloads/Raymond Leslie Williams - Mario Vargas Llosa a life of writing.epub
Culture and Materialism,Raymond Williams,2010,English,epub,3 Mb,2024-09-30 21:20:54,./downloads/Raymond Williams - Culture and Materialism.epub
The Uses of Literacy: Aspects of Working-Class Life,Richard Hoggart,2009,English,epub,860 Kb,2024-09-30 21:21:20,./downloads/Richard Hoggart - The Uses of Literacy Aspects of Working-Class Life.epub
"Between Two Worlds: Politics, Anti-Politics, and the Unpolitical",Richard Hoggart,2001,English,epub,751 Kb,2024-09-30 21:21:22,"./downloads/Richard Hoggart - Between Two Worlds Politics, Anti-Politics, and the Unpolitical.epub"
Liberty and Legislation,Richard Hoggart,1989,English,epub,676 Kb,2024-09-30 21:21:31,./downloads/Richard Hoggart - Liberty and Legislation.epub
The Tyranny of Relativism: Culture and Politics in Contemporary English Society,Richard Hoggart,1998,English,epub,708 Kb,2024-09-30 21:21:33,./downloads/Richard Hoggart - The Tyranny of Relativism Culture and Politics in Contemporary English Society.epub
The uses of literacy: aspects of working-class life,Richard Hoggart;Simon Hoggart;Lynsey Hanley,2009,English,epub,3 Mb,2024-09-30 21:22:39,./downloads/Richard Hoggart;Simon Hoggart;Lynsey Hanley - The uses of literacy aspects of working-class life.epub
"The Politics of Dispossession: The Struggle for Palestinian Self-Determination, 1969-1994",Edward Said,2012,English,epub,2 Mb,2024-09-30 21:23:28,"./downloads/Edward Said - The Politics of Dispossession The Struggle for Palestinian Self-Determination, 1969-1994.epub"
Joseph Conrad and the Fiction of Autobiography,Edward Said;Andrew N. Rubin (ed.),2008,English,epub,1006 Kb,2024-09-30 21:23:29,./downloads/Edward Said;Andrew N Rubin (ed) - Joseph Conrad and the Fiction of Autobiography.epub
Parallels and paradoxes : explorations in music and society,"Beethoven, Ludwig van;Wagner, Richard;Barenboim, Daniel;Guzelimian, Ara;Wagner, Richard;Beethoven, Ludwig van;Said, Edward W",2008,English,epub,2 Mb,2024-09-30 21:23:47,"./downloads/Beethoven, Ludwig van;Wagner, Richard;Barenboim, Daniel;Guzelimian, Ara;Wagner, Richard;Beethoven, Ludwig van;Said, Edward W - Parallels and paradoxes explorations in music and society.epub"
From Oslo to Iraq and the Road Map: Essays,Edward Said,2007,English,epub,1002 Kb,2024-09-30 21:24:03,./downloads/Edward Said - From Oslo to Iraq and the Road Map Essays.epub
On Late Style: Music and Literature Against the Grain,Edward W. Said,2006,English,epub,2 Mb,2024-09-30 21:24:04,./downloads/Edward W Said - On Late Style Music and Literature Against the Grain.epub
Freud and the Non-European,"Edward W. Said,Christopher Bollas,Jacqueline Rose",2004,English,epub,977 Kb,2024-09-30 21:24:13,"./downloads/Edward W Said,Christopher Bollas,Jacqueline Rose - Freud and the Non-European.epub"
Reflections on Exile and Other Essays,Edward W. Said,2002,English,epub,759 Kb,2024-09-30 21:24:30,./downloads/Edward W Said - Reflections on Exile and Other Essays.epub
Representations of the Intellectual:  The 1993 Reith Lectures,Edward W. Said,1996,English,epub,2 Mb,2024-09-30 21:25:05,./downloads/Edward W Said - Representations of the Intellectual The 1993 Reith Lectures.epub
Culture and Imperialism,Edward W. Said,1994,English,epub,2 Mb,2024-09-30 21:25:07,./downloads/Edward W Said - Culture and Imperialism.epub
The question of Palestine,"Said,Edward W",1992,English,epub,760 Kb,2024-09-30 21:25:26,"./downloads/Said,Edward W - The question of Palestine.epub"
Out of Place: A Memoir,Edward W. Said,2000,English,epub,3 Mb,2024-09-30 21:25:46,./downloads/Edward W Said - Out of Place A Memoir.epub
Orientalism,Edward W. Said,1979,English,epub,2 Mb,2024-09-30 21:26:29,./downloads/Edward W Said - Orientalism.epub
Be Creative: Making a Living in the New Culture Industries,Angela McRobbie,2016,English,epub,843 Kb,2024-09-30 21:26:49,./downloads/Angela McRobbie - Be Creative Making a Living in the New Culture Industries.epub
"Feminism, Young Women, and Cultural Studies",Angela McRobbie,2024,English,epub,797 Kb,2024-09-30 21:26:53,"./downloads/Angela McRobbie - Feminism, Young Women, and Cultural Studies.epub"
"In the Culture Society: Art, Fashion and Popular Music",Angela McRobbie;Angela Mcrobbie,2013,English,epub,2 Mb,2024-09-30 21:27:35,"./downloads/Angela McRobbie;Angela Mcrobbie - In the Culture Society Art, Fashion and Popular Music.epub"
Feminism for Girls (RLE Feminist Theory),"Angela McRobbie,Trisha McCabe",2014,English,epub,3 Mb,2024-09-30 21:28:17,"./downloads/Angela McRobbie,Trisha McCabe - Feminism for Girls (RLE Feminist Theory).epub"
Sociology in question,Pierre Bourdieu,1993,English,epub,408 Kb,2024-09-30 21:28:29,./downloads/Pierre Bourdieu - Sociology in question.epub
All About Love: New Visions,bell hooks,2018,English,epub,974 Kb,2024-09-30 21:29:01,./downloads/bell hooks - All About Love New Visions.epub
All About Love,bell hooks,2018,English,epub,974 Kb,2024-09-30 21:29:01,./downloads/bell hooks - All About Love.epub
Belonging: A Culture of Place,"Hooks,Bell",2009;2015,English,epub,618 Kb,2024-09-30 21:29:15,"./downloads/Hooks,Bell - Belonging A Culture of Place.epub"
Black looks: race and representation,"Hooks,Bell",2015,English,epub,2 Mb,2024-09-30 21:29:50,"./downloads/Hooks,Bell - Black looks race and representation.epub"
Feminist theory: from margin to center,"hooks,bell",2015,English,epub,2 Mb,2024-09-30 21:30:02,"./downloads/hooks,bell - Feminist theory from margin to center.epub"
Breaking bread: insurgent Black intellectual life,"Hooks, Bell;West, Cornel",2017,English,epub,2 Mb,2024-09-30 21:30:15,"./downloads/Hooks, Bell;West, Cornel - Breaking bread insurgent Black intellectual life.epub"
"Yearning: Race, Gender, and Cultural Politics",bell hooks,2014,English,epub,312 Kb,2024-09-30 21:30:20,"./downloads/bell hooks - Yearning Race, Gender, and Cultural Politics.epub"
Remembered rapture : the writer at work,bell hooks,2013,English,epub,278 Kb,2024-09-30 21:30:28,./downloads/bell hooks - Remembered rapture the writer at work.epub
Sisters of the yam: black women and self-recovery,"Hooks,Bell",2015,English,epub,2 Mb,2024-09-30 21:30:35,"./downloads/Hooks,Bell - Sisters of the yam black women and self-recovery.epub"
Outlaw Culture: Resisting Representations,"hooks,bell",2012,English,epub,682 Kb,2024-09-30 21:30:44,"./downloads/hooks,bell - Outlaw Culture Resisting Representations.epub"
Ain’t I a Woman: Black Women and Feminism,Bell Hooks,2014,English,epub,2 Mb,2024-09-30 21:30:50,./downloads/Bell Hooks - Ain’t I a Woman Black Women and Feminism.epub
Writing Beyond Race,bell hooks,2012,English,epub,1 Mb,2024-09-30 21:30:56,./downloads/bell hooks - Writing Beyond Race.epub
Belonging : a culture of place,"hooks, bell;Hooks, Bell",2008,English,epub,410 Kb,2024-09-30 21:31:01,"./downloads/hooks, bell;Hooks, Bell - Belonging a culture of place.epub"
Rock my soul : Black people and self-esteem,"hooks,bell",2004,English,epub,228 Kb,2024-09-30 21:31:02,"./downloads/hooks,bell - Rock my soul Black people and self-esteem.epub"
Feminism Is For Everybody,Bell Hooks,2000,English,epub,230 Kb,2024-09-30 21:31:04,./downloads/Bell Hooks - Feminism Is For Everybody.epub
"The Will to Change: Men, Masculinity, and Love",bell hooks,2004,English,epub,190 Kb,2024-09-30 21:31:09,"./downloads/bell hooks - The Will to Change Men, Masculinity, and Love.epub"
Teaching to Transgress: Education as the Practice of Freedom,bell hooks,1994,English,epub,533 Kb,2024-09-30 21:31:14,./downloads/bell hooks - Teaching to Transgress Education as the Practice of Freedom.epub
Teaching to Transgress,bell hooks,1994,English,epub,535 Kb,2024-09-30 21:31:15,./downloads/bell hooks - Teaching to Transgress.epub
"The History of Sexuality, Volume 1: An Introduction",Michel Foucault,1978,English,epub,126 Kb,2024-09-30 21:31:26,"./downloads/Michel Foucault - The History of Sexuality, Volume 1 An Introduction.epub"
"The History of Sexuality, Volume 2: The Use of Pleasure",Michel Foucault,1990,English,epub,214 Kb,2024-09-30 21:31:30,"./downloads/Michel Foucault - The History of Sexuality, Volume 2 The Use of Pleasure.epub"
"The History of Sexuality, Volume 3: The Care of the Self",Michel Foucault,1986,English,epub,206 Kb,2024-09-30 21:31:33,"./downloads/Michel Foucault - The History of Sexuality, Volume 3 The Care of the Self.epub"
The Invention of Private Life: Literature and Ideas,Sudipta Kaviraj,2015,English,epub,17 Mb,2024-09-30 21:40:23,./downloads/Sudipta Kaviraj - The Invention of Private Life Literature and Ideas.epub
I Am the People: Reflections on Popular Sovereignty Today,Partha Chatterjee,2020,English,epub,4 Mb,2024-09-30 21:42:11,./downloads/Partha Chatterjee - I Am the People Reflections on Popular Sovereignty Today.epub
Empire and Nation: Selected Essays,Partha Chatterjee,2010,English,epub,1 Mb,2024-09-30 21:42:41,./downloads/Partha Chatterjee - Empire and Nation Selected Essays.epub
The black hole of empire: history of a global practice of power,"East India Company;Chatterjee, Partha",2012,English,epub,6 Mb,2024-09-30 21:43:41,"./downloads/East India Company;Chatterjee, Partha - The black hole of empire history of a global practice of power.epub"
Lineages of Political Society: Studies in Postcolonial Democracy,Partha Chatterjee,2011,English,epub,33 Mb,2024-09-30 21:53:22,./downloads/Partha Chatterjee - Lineages of Political Society Studies in Postcolonial Democracy.epub
"Britain in India, 1765-1905, Volume VI",John Marriott;Bhaskar Mukhopadhyay;Partha Chatterjee,2006,English,epub,39 Mb,2024-09-30 22:02:17,"./downloads/John Marriott;Bhaskar Mukhopadhyay;Partha Chatterjee - Britain in India, 1765-1905, Volume VI.epub"
The Second Wave,Rustom Bharucha;,,English,epub,6 Mb,2024-09-30 22:04:53,./downloads/Rustom Bharucha; - The Second Wave.epub
Seeing Like a Feminist,Nivedita Menon,2012,English,epub,354 Kb,2024-09-30 22:05:08,./downloads/Nivedita Menon - Seeing Like a Feminist.epub
Marketing 4.0: Moving from Traditional to Digital,"Philip Kotler,Hermawan Kartajaya,Iwan Setiawan",2016,English,epub,2 Mb,2024-09-30 22:06:03,"./downloads/Philip Kotler,Hermawan Kartajaya,Iwan Setiawan - Marketing 40 Moving from Traditional to Digital.epub"
The Quintessence of Strategic Management: What You Really Need to Know to Survive in Business,"Philip Kotler,Roland Berger,Nils Bickhoff (auth.)",2010,English,epub,1 Mb,2024-09-30 22:06:37,"./downloads/Philip Kotler,Roland Berger,Nils Bickhoff (auth) - The Quintessence of Strategic Management What You Really Need to Know to Survive in Business.epub"
Marketing Insights From A to Z: 80 Concepts Every Manager Needs to Know,Philip Kotler,2003,English,epub,1 Mb,2024-09-30 22:07:01,./downloads/Philip Kotler - Marketing Insights From A to Z 80 Concepts Every Manager Needs to Know.epub
High visibility: the making and marketing of professionals into celebrities,"Irving J. Rein,Philip Kotler,Martin R. Stoller",1997,English,epub,685 Kb,2024-09-30 22:07:09,"./downloads/Irving J Rein,Philip Kotler,Martin R Stoller - High visibility the making and marketing of professionals into celebrities.epub"
Social marketing : behavior change for social good,"Kotler, Philip;Lee, Nancy",2019,English,epub,16 Mb,2024-09-30 22:11:54,"./downloads/Kotler, Philip;Lee, Nancy - Social marketing behavior change for social good.epub"
Principles of Marketing,"Philip Kotler,Gary Armstrong,Lloyd Harris,Nigel F. Piercy",2013,English,epub,41 Mb,2024-09-30 22:17:23,"./downloads/Philip Kotler,Gary Armstrong,Lloyd Harris,Nigel F Piercy - Principles of Marketing.epub"
Consumer Culture Theory,"Domen Bajde (editor),Dannie Kjeldgaard (editor),Russell W. Belk (editor)",2019,English,epub,1 Mb,2024-09-30 22:18:14,"./downloads/Domen Bajde (editor),Dannie Kjeldgaard (editor),Russell W Belk (editor) - Consumer Culture Theory.epub"
Qualitative Consumer Research,Naresh K. Malhotra;Russell W. Belk,2017,English,epub,2 Mb,2024-09-30 22:18:42,./downloads/Naresh K Malhotra;Russell W Belk - Qualitative Consumer Research.epub
The New Chameleons,"Solomon, Michael R.;",2021,English,epub,3 Mb,2024-09-30 22:19:58,"./downloads/Solomon, Michael R; - The New Chameleons.epub"
The Routledge Companion to Consumer Behavior,"Lowrey, Tina M.;Solomon, Michael R",2018,English,epub,5 Mb,2024-09-30 22:21:30,"./downloads/Lowrey, Tina M;Solomon, Michael R - The Routledge Companion to Consumer Behavior.epub"
"Blockchain: A Practical Guide to Developing Business, Law, and Technology Solutions","Joseph J. Bambara,Paul R. Allen,Kedar Iyer,Rene Madsen,Solomon Lederer,Michael Wuehler",2018,English,epub,25 Mb,2024-09-30 22:28:03,"./downloads/Joseph J Bambara,Paul R Allen,Kedar Iyer,Rene Madsen,Solomon Lederer,Michael Wuehler - Blockchain A Practical Guide to Developing Business, Law, and Technology Solutions.epub"
apley's system of orthopedics and fracture trauma 10th 2021 (Apleys Orthopaedics),"Blom,Ashley,Solomon,Louis,Warwick,David,Whitehouse,Michael R",2018,English,epub,27 Mb,2024-09-30 22:28:37,"./downloads/Blom,Ashley,Solomon,Louis,Warwick,David,Whitehouse,Michael R - apley's system of orthopedics and fracture trauma 10th 2021 (Apleys Orthopaedics).epub"
Virtual Social Identity and Consumer Behavior,"Solomon, Michael R.;Wood, Natalie T",2015,English,epub,8 Mb,2024-09-30 22:30:25,"./downloads/Solomon, Michael R;Wood, Natalie T - Virtual Social Identity and Consumer Behavior.epub"
The Definitive Guide to Customer Relationship Management,"V. Kumar,Richard Hammond,Herb Sorensen,Michael R. Solomon",2012,English,epub,5 Mb,2024-09-30 22:30:28,"./downloads/V Kumar,Richard Hammond,Herb Sorensen,Michael R Solomon - The Definitive Guide to Customer Relationship Management.epub"
"Consumer Behaviour: Buying, Having, Being","Michael R. Solomon,Rebekah Russell-Bennett,Josephine Previte,Ryan Payne",2022,English,epub,85 Mb,2024-09-30 22:54:41,"./downloads/Michael R Solomon,Rebekah Russell-Bennett,Josephine Previte,Ryan Payne - Consumer Behaviour Buying, Having, Being.epub"
Give Your Business a Heart (Collection),David B. Wolfe;Rajendra S. Sisodia;Jagdish N. Sheth;Dev Patnaik,2014,English,epub,1 Mb,2024-09-30 22:56:21,./downloads/David B Wolfe;Rajendra S Sisodia;Jagdish N Sheth;Dev Patnaik - Give Your Business a Heart (Collection).epub
The Sustainability Edge: How to Drive Top-Line Growth with Triple-Bottom-Line Thinking,Suhas Apte;Jagdish N. Sheth,2017,English,epub,4 Mb,2024-09-30 22:57:02,./downloads/Suhas Apte;Jagdish N Sheth - The Sustainability Edge How to Drive Top-Line Growth with Triple-Bottom-Line Thinking.epub
Customer Centric Support Services in the Digital Age: The Next Frontier of Competitive Advantage,"Jagdish N. Sheth (editor),Varsha Jain (editor),Emmanuel Mogaji (editor),Anupama Ambika (editor)",2024,English,epub,4 Mb,2024-09-30 22:57:04,"./downloads/Jagdish N Sheth (editor),Varsha Jain (editor),Emmanuel Mogaji (editor),Anupama Ambika (editor) - Customer Centric Support Services in the Digital Age The Next Frontier of Competitive Advantage.epub"
Firms of Endearment: How World-Class Companies Profit from Passion and Purpose,"Rajendra S. Sisodia,David B. Wolfe,Jagdish N. Sheth",2007,English,epub,623 Kb,2024-09-30 22:57:17,"./downloads/Rajendra S Sisodia,David B Wolfe,Jagdish N Sheth - Firms of Endearment How World-Class Companies Profit from Passion and Purpose.epub"
Firms of endearment how world-class companies profit from passion and purpose,Rajendra S. Sisodia;David B. Wolfe;Jagdish N. Sheth,2007,English,epub,906 Kb,2024-09-30 22:57:29,./downloads/Rajendra S Sisodia;David B Wolfe;Jagdish N Sheth - Firms of endearment how world-class companies profit from passion and purpose.epub
The Accidental Scholar,Jagdish N. Sheth;John Yow,2014,English,epub,7 Mb,2024-09-30 22:59:05,./downloads/Jagdish N Sheth;John Yow - The Accidental Scholar.epub
IIMA--Strategies For Growth: Help Your Business Move Up The Ladder,Atanu Ghosh,2016,English,epub,1005 Kb,2024-09-30 22:59:44,./downloads/Atanu Ghosh - IIMA--Strategies For Growth Help Your Business Move Up The Ladder.epub
How People Buy Online : The Psychology Behind Consumer Behaviour,Seema Gupta,2021,English,epub,14 Mb,2024-09-30 23:04:28,./downloads/Seema Gupta - How People Buy Online The Psychology Behind Consumer Behaviour.epub
Baby Care & Child Health Problems,Seema Gupta,2012,English,epub,5 Mb,2024-09-30 23:06:06,./downloads/Seema Gupta - Baby Care & Child Health Problems.epub
Correct Manners & Etiquette Developing a pleasing personality,"Gupta,Seema",2012;2011,English,epub,3 Mb,2024-09-30 23:06:55,"./downloads/Gupta,Seema - Correct Manners & Etiquette Developing a pleasing personality.epub"
Onco-critical Care: An Evidence-based Approach,Vinod Kumar;Nishkarsh Gupta;Seema Mishra,2022,English,epub,20 Mb,2024-09-30 23:08:24,./downloads/Vinod Kumar;Nishkarsh Gupta;Seema Mishra - Onco-critical Care An Evidence-based Approach.epub
Ramayana,Seema Gupta,2012,English,epub,7 Mb,2024-09-30 23:08:54,./downloads/Seema Gupta - Ramayana.epub
Teenage Parenting: Bridging the Generation Gap,Seema Gupta,2012,English,epub,3 Mb,2024-09-30 23:09:28,./downloads/Seema Gupta - Teenage Parenting Bridging the Generation Gap.epub
Peri-operative Anesthetic Management in Liver Transplantation,Vijay Vohra;Nikunj Gupta;Annu Sarin Jolly;Seema Bhalotra,2023,English,epub,68 Mb,2024-09-30 23:19:42,./downloads/Vijay Vohra;Nikunj Gupta;Annu Sarin Jolly;Seema Bhalotra - Peri-operative Anesthetic Management in Liver Transplantation.epub
"Legitimacy and revolution in a society of masses : Max Weber, Antonio Gramsci, and the fin-de-siècle debate on social order","Giglioli, M. F. N.;Gramsci, Antonio - Pensiero politico;Weber, Max - Pensiero politico",2013,English,epub,564 Kb,2024-09-30 23:20:32,"./downloads/Giglioli, M F N;Gramsci, Antonio - Pensiero politico;Weber, Max - Pensiero politico - Legitimacy and revolution in a society of masses Max Weber, Antonio Gramsci, and the fin-de-siècle debate on social order.epub"
The Agrarian Sociology Of Ancient Civilizations,Max Weber,2013,English,epub,2 Mb,2024-09-30 23:21:03,./downloads/Max Weber - The Agrarian Sociology Of Ancient Civilizations.epub
The Layout Look Book,Max Weber,2007,English,epub,87 Mb,2024-09-30 23:52:02,./downloads/Max Weber - The Layout Look Book.epub
Durkheim and the Internet: sociolinguistics and the sociological imagination,"Blommaert, Jan;Durkheim, Émile",2018,English,epub,280 Kb,2024-09-30 23:52:40,"./downloads/Blommaert, Jan;Durkheim, Émile - Durkheim and the Internet sociolinguistics and the sociological imagination.epub"
Professional Ethics and Civic Morals,"Durkheim,Émile",2019,English,epub,646 Kb,2024-09-30 23:52:47,"./downloads/Durkheim,Émile - Professional Ethics and Civic Morals.epub"
The Rules of Sociological Method: And Selected Texts on Sociology and its Method,Emile Durkheim,2014,English,epub,784 Kb,2024-09-30 23:52:50,./downloads/Emile Durkheim - The Rules of Sociological Method And Selected Texts on Sociology and its Method.epub
The rules of sociological method and selected texts on sociology and its method,"Durkheim, Emile;Lukes, Steven",2014,English,epub,2 Mb,2024-09-30 23:53:09,"./downloads/Durkheim, Emile;Lukes, Steven - The rules of sociological method and selected texts on sociology and its method.epub"
The Division of Labor in Society,"Durkheim,Emile",2014;2018,English,epub,3 Mb,2024-09-30 23:53:22,"./downloads/Durkheim,Emile - The Division of Labor in Society.epub"
Suicide,"Durkheim, Emile;Simpson, George;Spaulding, John A",2010;2003,English,epub,3 Mb,2024-09-30 23:53:52,"./downloads/Durkheim, Emile;Simpson, George;Spaulding, John A - Suicide.epub"
A life with Mary Shelley,Barbara Johnson &;Shoshana Felman &;Judith Butler,2014,English,epub,821 Kb,2024-09-30 23:54:19,./downloads/Barbara Johnson &;Shoshana Felman &;Judith Butler - A life with Mary Shelley.epub
A Semite: A Memoir of Algeria,"Denis Guenoun,Ann Smock,William Smock,Judith Butler",2014,English,epub,1 Mb,2024-09-30 23:54:31,"./downloads/Denis Guenoun,Ann Smock,William Smock,Judith Butler - A Semite A Memoir of Algeria.epub"
Bodies That Matter: On the Discursive Limits of Sex,Judith Butler,2011,English,epub,2 Mb,2024-09-30 23:55:05,./downloads/Judith Butler - Bodies That Matter On the Discursive Limits of Sex.epub
What does a Jew want? : on binationalism and other specters,"Aloni, Udi;Žižek, Slavoj;Aloni, Udi;Badiou, Alain;Butler, Judith",2011,English,epub,3 Mb,2024-09-30 23:55:42,"./downloads/Aloni, Udi;Žižek, Slavoj;Aloni, Udi;Badiou, Alain;Butler, Judith - What does a Jew want on binationalism and other specters.epub"
Gender Trouble: Feminism and the Subversion of Identity (Routledge Classics Edition),Judith Butler,2006,English,epub,351 Kb,2024-09-30 23:55:47,./downloads/Judith Butler - Gender Trouble Feminism and the Subversion of Identity (Routledge Classics Edition).epub
Undoing Gender,Judith Butler,2004,English,epub,282 Kb,2024-09-30 23:55:54,./downloads/Judith Butler - Undoing Gender.epub
Subjects of Desire: Hegelian Reflections in Twentieth-Century France,Judith Butler,2012,English,epub,15 Mb,2024-09-30 23:58:42,./downloads/Judith Butler - Subjects of Desire Hegelian Reflections in Twentieth-Century France.epub
Medicare: Preparing for the Challenges of the 21st Century (Conference of the National Academy of Social Insurance),"Robert D. Reischauer,Stuart Butler,Judith R. Lave",1998,English,epub,1 Mb,2024-09-30 23:59:10,"./downloads/Robert D Reischauer,Stuart Butler,Judith R Lave - Medicare Preparing for the Challenges of the 21st Century (Conference of the National Academy of Social Insurance).epub"
Parting ways : Jewishness and the critique of Zionism,"Butler,Judith",2012,English,epub,15 Mb,2024-09-30 23:59:12,"./downloads/Butler,Judith - Parting ways Jewishness and the critique of Zionism.epub"
Dispossession: The Performative in the Political,Judith Butler,,English,epub,928 Kb,2024-09-30 23:59:34,./downloads/Judith Butler - Dispossession The Performative in the Political.epub
Antigone’s Claim: Kinship Between Life and Death,Judith Butler,2000,English,epub,17 Mb,2024-10-01 00:00:07,./downloads/Judith Butler - Antigone’s Claim Kinship Between Life and Death.epub
Seventeen Contradictions and the End of Capitalism,David Harvey,2014,English,epub,455 Kb,2024-10-01 00:00:39,./downloads/David Harvey - Seventeen Contradictions and the End of Capitalism.epub
The Enigma of Capital : And the Crises of Capitalism,David Harvey,2010,English,epub,679 Kb,2024-10-01 00:00:46,./downloads/David Harvey - The Enigma of Capital And the Crises of Capitalism.epub
A Companion to Marx's Capital,David Harvey,2010,English,epub,748 Kb,2024-10-01 00:00:48,./downloads/David Harvey - A Companion to Marx's Capital.epub
When this cruel war is over: the Civil War letters of Charles Harvey Brewster,"Charles Harvey Brewster,David W. Blight",1992,English,epub,2 Mb,2024-10-01 00:01:25,"./downloads/Charles Harvey Brewster,David W Blight - When this cruel war is over the Civil War letters of Charles Harvey Brewster.epub"
A Companion to Marx's Capital: Volume 2,David Harvey,2013,English,epub,3 Mb,2024-10-01 00:01:37,./downloads/David Harvey - A Companion to Marx's Capital Volume 2.epub
After Lockdown: A Metamorphosis,"Bruno Latour,Julie Rose (Translator)",2021,English,epub,397 Kb,2024-10-01 00:01:57,"./downloads/Bruno Latour,Julie Rose (Translator) - After Lockdown A Metamorphosis.epub"
Facing Gaia: Eight Lectures on the New Climatic Regime,Bruno Latour,2017,English,epub,1 Mb,2024-10-01 00:02:04,./downloads/Bruno Latour - Facing Gaia Eight Lectures on the New Climatic Regime.epub
Down to Earth: Politics in the New Climatic Regime,Bruno Latour,2018,English,epub,731 Kb,2024-10-01 00:02:05,./downloads/Bruno Latour - Down to Earth Politics in the New Climatic Regime.epub
Rejoicing: Or the Torments of Religious Speech,"Latour,Bruno",2013,English,epub,240 Kb,2024-10-01 00:02:09,"./downloads/Latour,Bruno - Rejoicing Or the Torments of Religious Speech.epub"
Bruno Latour,"Latour, Bruno;Vries, Gerard de",2016,English,epub,827 Kb,2024-10-01 00:02:15,"./downloads/Latour, Bruno;Vries, Gerard de - Bruno Latour.epub"
Facing Gaia: eight lectures on the new climate regime / Bruno Latour,"Latour,Bruno",2017,English,epub,1 Mb,2024-10-01 00:02:20,"./downloads/Latour,Bruno - Facing Gaia eight lectures on the new climate regime Bruno Latour.epub"
"Prince and the Wolf: Latour and Harman at the LSE, The","Harman, Graham, Latour, Bruno &;Graham Harman &;Peter Erdélyi",2011,English,epub,271 Kb,2024-10-01 00:02:20,"./downloads/Harman, Graham, Latour, Bruno &;Graham Harman &;Peter Erdélyi - Prince and the Wolf Latour and Harman at the LSE, The.epub"
We Have Never Been Modern,Bruno Latour,1993,English,epub,1011 Kb,2024-10-01 00:02:35,./downloads/Bruno Latour - We Have Never Been Modern.epub
Laboratory Life: The Construction of Scientific Facts,Bruno Latour;Steve Woolgar;Jonas Salk,2013,English,epub,4 Mb,2024-10-01 00:03:04,./downloads/Bruno Latour;Steve Woolgar;Jonas Salk - Laboratory Life The Construction of Scientific Facts.epub
Reassembling the social: an introduction to actor-network-theory,"Latour,Bruno",2007,English,epub,4 Mb,2024-10-01 00:03:07,"./downloads/Latour,Bruno - Reassembling the social an introduction to actor-network-theory.epub"
"Secular Translations: Nation-State, Modern Self, and Calculative Reason",Talal Asad,2018,English,epub,689 Kb,2024-10-01 00:03:18,"./downloads/Talal Asad - Secular Translations Nation-State, Modern Self, and Calculative Reason.epub"
Genealogies of Religion,Talal Asad,1993,English,epub,1 Mb,2024-10-01 00:03:45,./downloads/Talal Asad - Genealogies of Religion.epub
Anarchy-In a Manner of Speaking,"Graeber,David",2020,English,epub,173 Kb,2024-10-01 00:04:00,"./downloads/Graeber,David - Anarchy-In a Manner of Speaking.epub"
Bullshit jobs: a theory,"Graeber,David",2018,English,epub,845 Kb,2024-10-01 00:04:07,"./downloads/Graeber,David - Bullshit jobs a theory.epub"
"An Analysis of David Graeber’s ""Debt: The First 5,000 Years""","Sulaiman Hakemy,analyzing David Graeber’s book",2017,English,epub,154 Kb,2024-10-01 00:04:11,"./downloads/Sulaiman Hakemy,analyzing David Graeber’s book - An Analysis of David Graeber’s Debt The First 5,000 Years.epub"
"Bullshit Jobs: The Rise of Pointless Work, and What We Can Do About It",David Graeber,2019,English,epub,3 Mb,2024-10-01 00:04:40,"./downloads/David Graeber - Bullshit Jobs The Rise of Pointless Work, and What We Can Do About It.epub"
"The Utopia of Rules: On Technology, Stupidity, and the Secret Joys of Bureaucracy",David Graeber,2015,English,epub,1 Mb,2024-10-01 00:04:50,"./downloads/David Graeber - The Utopia of Rules On Technology, Stupidity, and the Secret Joys of Bureaucracy.epub"
"The utopia of rules : on technology, stupidity, and the secret joys of bureaucracy","Graeber,David",2015,English,epub,2 Mb,2024-10-01 00:05:14,"./downloads/Graeber,David - The utopia of rules on technology, stupidity, and the secret joys of bureaucracy.epub"
"Debt: The First 5,000 Years",David Graeber,2014,English,epub,3 Mb,2024-10-01 00:05:33,"./downloads/David Graeber - Debt The First 5,000 Years.epub"
"Debt - Updated and Expanded: The First 5,000 Years",David Graeber,2014,English,epub,2 Mb,2024-10-01 00:05:49,"./downloads/David Graeber - Debt - Updated and Expanded The First 5,000 Years.epub"
Bullshit Jobs: A Theory,David Graeber,2018,English,epub,6 Mb,2024-10-01 00:05:56,./downloads/David Graeber - Bullshit Jobs A Theory.epub
"Debt: Updated and Expanded: The First 5,000 Years","Graeber,David",2014,English,epub,2 Mb,2024-10-01 00:05:56,"./downloads/Graeber,David - Debt Updated and Expanded The First 5,000 Years.epub"
The Democracy Project,David Graeber,2013,English,epub,527 Kb,2024-10-01 00:06:05,./downloads/David Graeber - The Democracy Project.epub
"Revolutions in Reverse: Essays on Politics, Violence, Art, and Imagination",David Graeber,2011,English,epub,682 Kb,2024-10-01 00:06:16,"./downloads/David Graeber - Revolutions in Reverse Essays on Politics, Violence, Art, and Imagination.epub"
"The Democracy Project: A History, a Crisis, a Movement",David Graeber,2013,English,epub,2 Mb,2024-10-01 00:06:29,"./downloads/David Graeber - The Democracy Project A History, a Crisis, a Movement.epub"
Toward An Anthropological Theory of Value: The False Coin of Our Own Dreams,"Graeber,David",Dec. 2001,English,epub,437 Kb,2024-10-01 00:06:43,"./downloads/Graeber,David - Toward An Anthropological Theory of Value The False Coin of Our Own Dreams.epub"
Direct action: an ethnography,"Graeber,David",2011;2009,English,epub,1 Mb,2024-10-01 00:06:50,"./downloads/Graeber,David - Direct action an ethnography.epub"
"Possibilities: Essays On Hierarchy, Rebellion, and Desire",David Graeber,2013,English,epub,6 Mb,2024-10-01 00:07:15,"./downloads/David Graeber - Possibilities Essays On Hierarchy, Rebellion, and Desire.epub"
White Innocence: Paradoxes of Colonialism and Race,Gloria Wekker,2016,English,epub,446 Kb,2024-10-01 00:07:33,./downloads/Gloria Wekker - White Innocence Paradoxes of Colonialism and Race.epub
The politics of passion: women's sexual culture in the Afro-Surinamese diaspora,"Wekker,Gloria",2006;2012,English,epub,4 Mb,2024-10-01 00:08:21,"./downloads/Wekker,Gloria - The politics of passion women's sexual culture in the Afro-Surinamese diaspora.epub"
The Mandarins,"Beauvoir,Simone de",2018,English,epub,764 Kb,2024-10-01 00:08:47,"./downloads/Beauvoir,Simone de - The Mandarins.epub"
She Came to Stay,"Beauvoir, Simone de;Moyse, Yvonne;Senhouse, Roger",1943;2018,English,epub,716 Kb,2024-10-01 00:08:55,"./downloads/Beauvoir, Simone de;Moyse, Yvonne;Senhouse, Roger - She Came to Stay.epub"
"Parisian lives: Samuel Beckett, Simone de Beauvoir, and me: a memoir","Bair, Deirdre;Beauvoir, Simone de;Beckett, Samuel",2019,English,epub,2 Mb,2024-10-01 00:09:03,"./downloads/Bair, Deirdre;Beauvoir, Simone de;Beckett, Samuel - Parisian lives Samuel Beckett, Simone de Beauvoir, and me a memoir.epub"
Memoirs of a Dutiful Daughter,"Beauvoir, Simone de;Kirkup, James",2016;2005,English,epub,714 Kb,2024-10-01 00:09:05,"./downloads/Beauvoir, Simone de;Kirkup, James - Memoirs of a Dutiful Daughter.epub"
Becoming Beauvoir: a life,"Beauvoir, Simone de;Kirkpatrick, Kate",2019;2020,English,epub,3 Mb,2024-10-01 00:09:10,"./downloads/Beauvoir, Simone de;Kirkpatrick, Kate - Becoming Beauvoir a life.epub"
Letters to Sartre,Simone de Beauvoir;Quintin Hoare,2012,English,epub,928 Kb,2024-10-01 00:09:23,./downloads/Simone de Beauvoir;Quintin Hoare - Letters to Sartre.epub
"Beauvoir and the second sex: feminism, race, and the origins of existentialism","Beauvoir, Simone de;Simons, Margaret A",2001;2013,English,epub,1 Mb,2024-10-01 00:09:29,"./downloads/Beauvoir, Simone de;Simons, Margaret A - Beauvoir and the second sex feminism, race, and the origins of existentialism.epub"
Adieux: a farewell to Sartre,"Beauvoir, Simone de;Sartre, Jean-Paul",2012;1984,English,epub,2 Mb,2024-10-01 00:09:40,"./downloads/Beauvoir, Simone de;Sartre, Jean-Paul - Adieux a farewell to Sartre.epub"
The Second Sex,"Simone de Beauvoir,Constance Borde,Sheila Malovany-Chevallier",2011,English,epub,2 Mb,2024-10-01 00:13:05,"./downloads/Simone de Beauvoir,Constance Borde,Sheila Malovany-Chevallier - The Second Sex.epub"
Philosophical Writings,"Beauvoir, Simone de;Mader, Mary Beth;Timmermann, Marybeth;Simons, Margaret A",2004;2005,English,epub,1 Mb,2024-10-01 00:13:13,"./downloads/Beauvoir, Simone de;Mader, Mary Beth;Timmermann, Marybeth;Simons, Margaret A - Philosophical Writings.epub"
Must We Burn Sade?,Simone de Beauvoir,1951-52,English,epub,194 Kb,2024-10-01 00:13:15,./downloads/Simone de Beauvoir - Must We Burn Sade.epub
The Ethics of Ambiguity,Simone de Beauvoir,0,English,epub,160 Kb,2024-10-01 00:13:19,./downloads/Simone de Beauvoir - The Ethics of Ambiguity.epub
A Very Easy Death,"de Beauvoir,Simone",2012,English,epub,2 Mb,2024-10-01 00:13:20,"./downloads/de Beauvoir,Simone - A Very Easy Death.epub"
"Diary of a Philosophy Student: Volume 1, 1926-27",Simone De Beauvoir;Sylvie Le Bon de Beauvoir;Margaret A. Simons,2006,English,epub,1 Mb,2024-10-01 00:13:30,"./downloads/Simone De Beauvoir;Sylvie Le Bon de Beauvoir;Margaret A Simons - Diary of a Philosophy Student Volume 1, 1926-27.epub"
The Cancer Journals,Audre Lorde;Tracy K. Smith,2020,English,epub,1 Mb,2024-10-01 00:13:46,./downloads/Audre Lorde;Tracy K Smith - The Cancer Journals.epub
A Burst of Light: and Other Essays,Audre Lorde,2017,English,epub,598 Kb,2024-10-01 00:13:48,./downloads/Audre Lorde - A Burst of Light and Other Essays.epub
The Selected Works of Audre Lorde,Audre Lorde,2020,English,epub,2 Mb,2024-10-01 00:13:54,./downloads/Audre Lorde - The Selected Works of Audre Lorde.epub
Zami: A New Spelling of My Name (UK),"Lorde,Audre",2018,English,epub,2 Mb,2024-10-01 00:13:56,"./downloads/Lorde,Audre - Zami A New Spelling of My Name (UK).epub"
Sister Outsider: Essays and Speeches,"Audre Lorde,Cheryl Clarke",2007,English,epub,1 Mb,2024-10-01 00:14:02,"./downloads/Audre Lorde,Cheryl Clarke - Sister Outsider Essays and Speeches.epub"
Zami ; Sister outsider ; Undersong,"Lorde,Audre",2011,English,epub,2 Mb,2024-10-01 00:14:09,"./downloads/Lorde,Audre - Zami ; Sister outsider ; Undersong.epub"
The Cancer Journals: Special Edition,Audre Lorde,2006,English,epub,2 Mb,2024-10-01 00:14:12,./downloads/Audre Lorde - The Cancer Journals Special Edition.epub
Zami: A New Spelling of My Name - A Biomythography,Audre Lorde,1982,English,epub,735 Kb,2024-10-01 00:14:12,./downloads/Audre Lorde - Zami A New Spelling of My Name - A Biomythography.epub
Showing Our Colors: Afro-German Women Speak Out,May Opitz (May Ayim);Katharina Oguntoye;Dagmar Schultz;Tina Campt;Audre Lorde;Anne V. Adams,1992,English,epub,2 Mb,2024-10-01 00:14:14,./downloads/May Opitz (May Ayim);Katharina Oguntoye;Dagmar Schultz;Tina Campt;Audre Lorde;Anne V Adams - Showing Our Colors Afro-German Women Speak Out.epub
Historic Hadley,Alice Morehouse Walker,2019,English,epub,204 Kb,2024-10-01 00:14:33,./downloads/Alice Morehouse Walker - Historic Hadley.epub
I love myself when I am laughing ... and then again when I am looking mean and impressive: a Zora Neale Hurston reader,"Hurston, Zora Neale;Walker, Alice;Washington, Mary Helen",2020;2019,English,epub,2 Mb,2024-10-01 00:14:48,"./downloads/Hurston, Zora Neale;Walker, Alice;Washington, Mary Helen - I love myself when I am laughing and then again when I am looking mean and impressive a Zora Neale Hurston reader.epub"
"Collected Essays, Prose, and Stories",Alice Walker,2018,English,epub,6 Mb,2024-10-01 00:15:41,"./downloads/Alice Walker - Collected Essays, Prose, and Stories.epub"
"Howard Zinn's Southern diary: sit-ins, civil rights, and black women's student activism","Spelman College;Cohen, Robert;Walker, Alice;Zinn, Howard",2018,English,epub,7 Mb,2024-10-01 00:16:06,"./downloads/Spelman College;Cohen, Robert;Walker, Alice;Zinn, Howard - Howard Zinn's Southern diary sit-ins, civil rights, and black women's student activism.epub"
The Cushion in the Road: Meditation and Wandering as the Whole World Awakens to Being in Harm’s Way,Alice Walker,2013,English,epub,563 Kb,2024-10-01 00:16:12,./downloads/Alice Walker - The Cushion in the Road Meditation and Wandering as the Whole World Awakens to Being in Harm’s Way.epub
"Gathering Blossoms Under Fire : The Journals of Alice Walker, 1965–2000",Alice Walker,2022,English,epub,10 Mb,2024-10-01 00:16:30,"./downloads/Alice Walker - Gathering Blossoms Under Fire The Journals of Alice Walker, 1965–2000.epub"
One Day in December: Celia Sánchez and the Cuban Revolution,"Nancy Stout,Alice Walker",2013,English,epub,2 Mb,2024-10-01 00:16:42,"./downloads/Nancy Stout,Alice Walker - One Day in December Celia Sánchez and the Cuban Revolution.epub"
The Chicken Chronicles,Alice Walker,2011,English,epub,355 Kb,2024-10-01 00:16:45,./downloads/Alice Walker - The Chicken Chronicles.epub
The general's son: journey of an Israeli in Palestine,"Peled, Miko;Walker, Alice",2012,English,epub,5 Mb,2024-10-01 00:17:09,"./downloads/Peled, Miko;Walker, Alice - The general's son journey of an Israeli in Palestine.epub"
Sent by Earth: A Message from the Grandmother Spirit,Alice Walker,2011,English,epub,2 Mb,2024-10-01 00:17:11,./downloads/Alice Walker - Sent by Earth A Message from the Grandmother Spirit.epub
"Overcoming Speechlessness: A Poet Encounters the Horror in Rwanda, Eastern Congo, and Palestine/Israel",Alice Walker,2010,English,epub,115 Kb,2024-10-01 00:17:13,"./downloads/Alice Walker - Overcoming Speechlessness A Poet Encounters the Horror in Rwanda, Eastern Congo, and PalestineIsrael.epub"
The World Has Changed: Conversations with Alice Walker,"Alice Walker,Rudolph P. Byrd",2010,English,epub,1 Mb,2024-10-01 00:17:21,"./downloads/Alice Walker,Rudolph P Byrd - The World Has Changed Conversations with Alice Walker.epub"
Possessing the Secret of Joy,Alice Walker,2008,English,epub,2 Mb,2024-10-01 00:17:43,./downloads/Alice Walker - Possessing the Secret of Joy.epub
Stop the Next War Now: Effective Responses to Violence and Terrorism,"Jodie Evans,Medea Benjamin,Arundhati Roy,Alice Walker",2005,English,epub,3 Mb,2024-10-01 00:18:01,"./downloads/Jodie Evans,Medea Benjamin,Arundhati Roy,Alice Walker - Stop the Next War Now Effective Responses to Violence and Terrorism.epub"
In Search of Our Mothers' Gardens,Alice Walker,2004,English,epub,3 Mb,2024-10-01 00:18:08,./downloads/Alice Walker - In Search of Our Mothers' Gardens.epub
"Black, white, and Jewish: autobiography of a shifting self","Walker, Alice;Walker, Rebecca",2002,English,epub,946 Kb,2024-10-01 00:18:08,"./downloads/Walker, Alice;Walker, Rebecca - Black, white, and Jewish autobiography of a shifting self.epub"
"Broad strokes: 15 women who made art and made history, in that order","Bell, Vanessa;Bonheur, Rosa;Bourgeois, Louise;Gentileschi, Artemisia;Krasner, Lee;Mendieta, Ana;Modersohn-Becker, Paula;Neel, Alice;Quinn, Bridget;Walker, Kara",2017,English,epub,16 Mb,2024-10-01 00:18:52,"./downloads/Bell, Vanessa;Bonheur, Rosa;Bourgeois, Louise;Gentileschi, Artemisia;Krasner, Lee;Mendieta, Ana;Modersohn-Becker, Paula;Neel, Alice;Quinn, Bridget;Walker, Kara - Broad strokes 15 women who made art and made history, in that order.epub"
THE COMPLETE GILLIAN FLYNN,Gillian Flynn,2014,English,mobi,2 Mb,2024-10-02 14:09:33,./downloads/Gillian Flynn - THE COMPLETE GILLIAN FLYNN.mobi
